Name and description, ID, tmh start location, tmh end location, tmh length, full protein sequence, tmh sequence, N flank sequence, C flank sequence, Hydrophobicity of TMH, Hydrophobicity of TMH and flanks, Disorder of TMH, Disorder of TMH and flanks, Entropy of TMH, Entropy of TMH and flanks 
RecName: Full=Vesicle-trafficking protein SEC22b; AltName: Full=ER-Golgi SNARE of 24 kDa; Short=ERS-24; Short=ERS24; AltName: Full=SEC22 vesicle-trafficking protein homolog B; AltName: Full=SEC22 vesicle-trafficking protein-like 1; Short=mSec22b;,O08547,195,215,20,MVLLTMIARVADGLPLAASMQEDEQSGRDLQQYQSQAKQLFRKLNEQSPTRCTLEAGAMTFHYIIEQGVCYLVLCEAAFPKKLAFAYLEDLHSEFDEQHGKKVPTVSRPYSFIEFDTFIQKTKKLYIDSRARRNLGSINTELQDVQRIMVANIEEVLQRGEALSALDSKANNLSSLSKKYRQDAKYLNMRSTYAKLAAVAVFFIMLIVYVRFWWL,KLAAVAVFFIMLIVYVRFWWL,STYA,,1.9714285714285713,1.6159999999999999,-0.28862714285714286,-0.25513840000000004,3.141619208183979,3.3834651896016465,
RecName: Full=Syntaxin-3;,Q64704,264,283,19,MKDRLEQLKAKQLTQDDDTDEVEIAIDNTAFMDEFFSEIEETRLNIDKISEHVEEAKKLYSIILSAPIPEPKTKDDLEQLTTEIKKRANNVRNKLKSMEKHIEEDEVRSSADLRIRKSQHSVLSRKFVEVMTKYNEAQVDFRERSKGRIQRQLEITGKKTTDEELEEMLESGNPAIFTSGIIDSQISKQALSEIEGRHKDIVRLESSIKELHDMFMDIAMLVENQGEMLDNIELNVMHTVDHVEKARDETKRAMKYQGQARKKLIIIIVVVVVLLGILALIIGLSVGLK,LIIIIVVVVVLLGILALIIG,ARKK,LSVGL,3.624999999999999,2.5034482758620684,-0.29856550000000004,-0.24467413793103449,2.07838982472352,2.665993704944922,
RecName: Full=Syntaxin-4;,P70452,275,295,20,MRDRTHELRQGDNISDDEDEVRVALVVHSGAARLGSPDDEFFQKVQTIRQTMAKLESKVRELEKQQVTILATPLPEESMKQGLQNLREEIKQLGREVRAQLKAIEPQKEEADENYNSVNTRMKKTQHGVLSQQFVELINKCNSMQSEYREKNVERIRRQLKITNAGMVSDEELEQMLDSGQSEVFVSNILKDTQVTRQALNEISARHSEIQQLERSIRELHEIFTFLATEVEMQGEMINRIEKNILSSADYVERGQEHVKIALENQKKARKKKVMIAICVSVTVLILAVIIGITITVG,MIAICVSVTVLILAVIIGITI,KKKV,TVG,2.919047619047619,2.0321428571428575,-0.25459619047619053,-0.2134657142857143,2.7898657820928925,2.9976751198055647,
RecName: Full=Syntaxin-5;,Q8K1E0,334,354,20,MIPRKRYGSKNTDQGVYLGLSKTQVLSPATAISSSSDSTPLPTPVALVPSPPDTMSCRDRTQEFQSACKSLQSRQNGIQTSKPALHAARQCSEFTLMARRIGKDLSNTFAKLEKLTILAKRKSLFDDKAVEIEELTYIIKQDINSLNKQIAQLQDFVRAKGSQSGRHLQTHSNTIVVSLQSKLASMSNDFKSVLEVRTENLKQQRNRREQFSRAPVSALPLAPNNLGGGPIILGAESRASRDVAIDMMDPRTSQQLQLIDEQDSYIQSRADTMQNIESTIVELGSIFQQLAHMVKEQEETIQRIDENVLGAQLDVEAAHSEILKYFQSVTSNRWLMVKIFLILIVFFIIFVVFLA,WLMVKIFLILIVFFIIFVVFL,TSNR,A,3.1238095238095234,2.226923076923077,-0.3192790476190477,-0.2600515384615384,2.5247326156895404,3.192005835492106,
RecName: Full=Vesicle transport protein SEC20;,Q6QD59,200,220,20,MAAPQDVHVRICNQEIVKFDLEVKALIQDIRDCSGPLSELTELNTKVKEKFQQLKQRIQELEQSAREQDKESEKQLLLQEVENHKKQMLSNQTSWRKANLTCKLAIDNLEKAELLQGGDSLRQRKTTKESLAQTSSSITESLMGISRMMSQQVQQSEEAMQTLVSSSRTLLDANEEFKSMSGTIQLGRKLITKYNRRELTDKLLIFLALALFLATVLYIVKKRLFPFL,TDKLLIFLALALFLATVLYIV,RREL,KKRLF,2.1380952380952385,1.0166666666666668,-0.25144380952380957,-0.23721300000000003,2.8491568534184415,3.1219280948873624,
RecName: Full=Syntaxin-16;,Q8BVI5,303,323,20,MATRRLTDAFLLLRNNSIQTRQLLAEQVSSHTTSSPLHSRSIAAELDELADDRMALVSGISLDPEAAIGVTKRSPPKWVDGVDEIQYDVGRIKQKMKELASLHDKHLNRPTLDDSSEEEHAIEITTQEVTQLFHRCQRAVQALPSRARRACSEQEERLLRNVVASLAQALQELSTSFRHAQSDYLKRMKNREERSQHFFDTPVPLMDDGDDATLYGQGFTDDQLVLVEQNTLMVEEREREIRQIVQSISDLNEIFRDLGAMIVEQGTVLDRIDYNVEQSCVKTEDGLKQLHKAEQYQKKNRKMLVIVILVAVIIVLLVALVAVKSR,MLVIVILVAVIIVLLVALVAV,KNRK,KSR,3.7095238095238097,1.8892857142857142,-0.356122380952381,-0.2771160714285714,2.0892446619882707,2.838804369244613,
RecName: Full=Synaptojanin-2-binding protein {ECO:0000250|UniProtKB:P57105}; AltName: Full=Activin receptor-interacting protein 2 {ECO:0000303|PubMed:11882656}; AltName: Full=Activin receptor-interacting protein 4 {ECO:0000312|EMBL:AAT70239.1}; AltName: Full=Mitochondrial outer membrane protein 25 {ECO:0000250|UniProtKB:P57105};,Q9D6K5,118,138,20,MNGRVDYLVTEEEINLTRGPSGLGFNIVGGTDQQYVSNDSGIYVSRIKEDGAAAQDGRLQEGDKILSVNGQDLKNLLHQDAVDLFRNAGCAVSLRVQHRLPVQNGPIVHRGEGEPSGVPVAMVLLPVFALTMVAVWAFVRYRKQL,VPVAMVLLPVFALTMVAVWAF,EPSG,VRYRK,2.3047619047619046,1.0699999999999998,-0.20999190476190477,-0.15110166666666672,2.760666827231598,3.4681819469841795,
RecName: Full=Vesicle-associated membrane protein-associated protein B; Short=VAMP-B; Short=VAMP-associated protein B; Short=VAP-B; AltName: Full=VAMP-associated protein 33b;,Q9QY76,219,239,20,MAKVEQVLSLEPQHELKFRGPFTDVVTTNLKLGNPTDRNVCFKVKTTVPRRYCVRPNSGVIDAGASLNVSVMLQPFDYDPNEKSKHKFMVQSMFAPPDTSDMEAVWKEAKPEDLMDSKLRCVFELPAENAKPHDVEINKIIPTSASKTEAPAAAKSLTSPLDDTEVKKVMEECRRLQGEVQRLREESRQLKEEDGLRVRKAMPSNSPVAALAATGKEEGLSARLLALVVLFFIVGVIIGKIAL,GLSARLLALVVLFFIVGVIIG,GKEE,KIAL,2.4761904761904763,1.617241379310345,-0.20044428571428574,-0.18646103448275864,2.815202399980487,3.1247167707658345,
RecName: Full=Vesicle transport through interaction with t-SNAREs homolog 1B; AltName: Full=Vesicle transport v-SNARE protein Vti1-like 1; AltName: Full=Vti1-rp1;,O88384,209,229,20,MAASAASSEHFEKLHEIFRGLLEDLQGVPERLLGTAGTEEKKKLVRDFDENQQEANETLAEMEEELRYAPLTFRNPMMSKLRNYRKDLAKLHREVRSTPLTAAPGGRGDLKYGTYTLENEHLNRLQSQRALLLQGTESLNRATQSIERSHRIATETDQIGTEIIEELGEQRDQLERTKSRLVNTNENLSKSRKILRSMSRKVITNKLLLSVIILLELAILVGLVYYKFFRHH,LSVIILLELAILVGLVYYKFF,NKLL,RHH,2.1476190476190475,1.2285714285714289,-0.2528195238095238,-0.21551071428571428,3.0104340890333376,3.324862957617357,
RecName: Full=Serine/threonine-protein kinase VRK2; EC=2.7.11.1; AltName: Full=Vaccinia-related kinase 2;,Q8BN21,482,502,20,MAPRRKEKYKLPVPLPEGKILDDMEGNRWALGKMIGSGGFGLIYLAFPTNKPNKDARHVIKLEYQENGPLFSELKFYQRAAKRECIQKWIQQRKLDYLGIPVFYGFGLTDFKGRSYRFMVMERLGIDLQKLLDQNGGFKKLTVLQLGIRMLDVLEYIHENEYVHGDIKAANLLLDFTNPDRVYLADYGLSYRYCPNGNHKQYQEDPRKGHNGTIEFTSLDAHKGVAPSRRSDVEILGYCMLHWLFGKLPWEAKLDDPVAVQTAKTNLLDELPESVLKWAPSGSSCSELVKYLMYVHNLAYDDKPDYQKLKKILNPDGVPLGPLEFSTKVQSVHVRTPAQQKVDSPKATRKPANEFPAKFPKKVHRETRARQREEQEDSQPTMLQSRPAAPENSRTRKIHEYSDIFSEMQSLQQTPSYMSFQGSYCKPYLDCTRRDPIRKPRSLPRYRHTPTGNLGVTDLESSPRFWPAIFQLTLSEETKADVYYYGITIFCLLIFVFLALYFL,VYYYGITIFCLLIFVFLALYF,TKAD,L,2.2047619047619045,1.6846153846153844,-0.2360809523809524,-0.2084903846153846,2.9277989702947855,3.224880949810312,
RecName: Full=Vesicle transport protein USE1; AltName: Full=Protein D12; AltName: Full=USE1-like protein;,Q9CQ56,243,263,20,MAQAEGAYHRPLATSRLELNLVRLLCRCESMAAEKREPDEWRLEKYVGALEDMLQALKVQASKPASEVISEYSRKVDFLKGMLQAEKLTSSSEKALANQFLAPGRVPTTAKERVPATKTVHLQSRARYTSEMRSELLGMEPSGECEVDMRKRAAKGSRPADERQSASELDLVLQRHQGLQEKLAEEMLGLARSLKTNTLAAQSVIKKDNQTLSHSLKMADQNLEKLKLESERLEQHAQKSVNWLLWAMLIVVCFVFISMILFIRIMPRLK,WLLWAMLIVVCFVFISMILFI,KSVN,RIMPR,2.8428571428571425,1.716666666666667,-0.28325238095238103,-0.21702666666666667,2.9870900416203345,3.4695767463163936,
RecName: Full=Vesicle-associated membrane protein 3; Short=VAMP-3; AltName: Full=Cellubrevin; Short=CEB; AltName: Full=Synaptobrevin-3;,P63024,82,102,20,MSTGVPSGSSAATGSNRRLQQTQNQVDEVVDIMRVNVDKVLERDQKLSELDDRADALQAGASQFETSAAKLKRKYWWKNCKMWAIGISVLVIIVIIIIVWCVS,MWAIGISVLVIIVIIIIVWCV,KNCK,S,3.0476190476190474,2.0923076923076924,-0.2885709523809525,-0.22702115384615387,2.601382162091293,3.0231458537396763,
RecName: Full=Vesicle-associated membrane protein 8 {ECO:0000303|PubMed:15363411}; Short=VAMP-8 {ECO:0000303|PubMed:15363411}; AltName: Full=Endobrevin {ECO:0000303|PubMed:15363411}; Short=Edb {ECO:0000250|UniProtKB:Q9BV40};,O70404,76,96,20,MEEASGSAGNDRVRNLQSEVEGVKNIMTQNVERILSRGENLDHLRNKTEDLEATSEHFKTTSQKVARKFWWKNVKMIVIICVIVLIIVILIILFATGTIPT,MIVIICVIVLIIVILIILFAT,KNVK,GTIPT,3.6666666666666665,2.3666666666666663,-0.3370452380952381,-0.22844499999999998,2.426402541105223,3.028934048020606,
RecName: Full=Protein KASH5; AltName: Full=Coiled-coil domain-containing protein 155; AltName: Full=KASH domain-containing protein 5;,Q80VJ8,607,627,20,MHSILRSSLSSREALRMRQLKGLRKERPGRHPLGVRLRAIWTSFLFPNPPHSGGKLRASTAAVEEHQEWSMDLPEGQAGGPTAQMYLWEQPEEASSRPLLSLEEQILNSTFEACDPHKTGTVTVAHLLAYLEAVTGQGPQDVRLQTLARSLDPYGEGAGATVELDTFLVVMRDWIAACQLQGGLERAEETAYEGALASPHLPSVCPEAEESANLESFGGEDPRPEGPATAELLSNLEDLELSNRRLAGENAKLQRSVETAEEGSARLGEEITALRKQLRSTQQALQVAKALDEELEDLKTLAKSLEEQNRSLMAQARHTEKEQQHLAAEVETLQEENEKLLAERDGVKRRSEELATEKDALKRQLCECERLICQREAVLSERTRHAESLARTLEEYRTTTQELRQEISNLEEQLSQSQEGPEELLEGAEAGRVGWIMALPPSLDLEIQAIRQEQDVASAGLSSPLYGVWQWEEVEPEPEPEPEPEPEPEPQEVEFPSEDPARQQTDLQREPVRALEGSRAPCLRLSRSQEEEEEEEESWVLADPSSPLGTYHHKLAPGSSRESCHIVPEMHQALMPVVRDLVPVERSRTQHCLHPQHSPGIRISQHPLVPTPVLGLLLLLLLSILLFSQSPPPTWPHLQLYYLQPPPV,PLVPTPVLGLLLLLLLSILLF,ISQH,SQSPP,2.4190476190476184,1.3166666666666664,-0.13787857142857143,-0.07203300000000001,2.2585728843419157,2.7847776529602823,
RecName: Full=Inactive 2'-5'-oligoadenylate synthase 1B; Short=(2-5')oligo(A) synthase 1B; Short=2-5A synthase 1B; AltName: Full=2'-5'-oligoadenylate synthase-like protein 1;,Q60856,352,370,18,MEQDLRSIPASKLDKFIENHLPDTSFCADLREVIDALCALLKDRSFRGPVRRMRASKGVKGKGTTLKGRSDADLVVFLNNLTSFEDQLNQQGVLIKEIKKQLCEVQHERRCGVKFEVHSLRSPNSRALSFKLSAPDLLKEVKFDVLPAYDLLDHLNILKKPNQQFYANLISGRTPPGKEGKLSICFMGLRKYFLNCRPTKLKRLIRLVTHWYQLCKEKLGDPLPPQYALELLTVYAWEYGSRVTKFNTAQGFRTVLELVTKYKQLQIYWTVYYDFRHQEVSEYLHQQLKKDRPVILDPADPTRNIAGLNPKDWRRLAGEAAAWLQYPCFKYRDGSSVCSWEVPTEVGVPMKYLLCRIFWLLFWSLFHFIFGKTSSG,YLLCRIFWLLFWSLFHFIF,VPMK,GKTSS,1.7315789473684209,0.9607142857142855,-0.23191210526315792,-0.14065714285714287,2.815333779292343,3.593991763091994,
RecName: Full=Mitochondrial fission factor;,Q6PCP5,272,289,17,MAEISRIQYEMEYTEGISQRMRVPEKLKVAPPNADLEQEFQDGVPNASVIMQVPERIVVTGNNEDISFSRPADLDLIQSTPFKPLALKTPPRVLTLSERPLDFLDLERPLPTPQSEESRAVGRLKRERSMSENAVRQNGQLVRNDSIVTPSPPQARVCPPHMLPEDGANLSSARGILSLIQSSTRRAYQQILDVLDENRRPVLRGGSAAATSNPHHDNVRYGISNLDAAIEGASDDMTVVDAASLRRQIIKLNRRLQLLEEENKERAKREMVMYSITVAFWLLNSWLWFRR,VMYSITVAFWLLNSWLWF,KREM,RR,1.3222222222222222,0.19999999999999996,-0.19778277777777778,-0.1925225,3.3082708345352607,3.6572682296173897,
RecName: Full=Junctophilin-2; Short=JP-2; AltName: Full=Junctophilin type 2;,Q9ET78,675,695,20,MSGGRFDFDDGGAYCGGWEGGKAHGHGLCTGPKGQGEYSGSWNFGFEVAGVYTWPSGNTFEGYWSQGKRHGLGIETKGRWLYKGEWTHGFKGRYGIRQSTNSGAKYEGTWNNGLQDGYGTETYADGGTYQGQFTNGMRHGYGVRQSVPYGMAVVVRSPLRTSLSSLRSEHSNGTVAPDSPAADGPMLPSPPVPRGGFALTLLATAEAARPQGLFTRGTLLGRLRRSESRTSLGSQRSRLSFLKSELSSGASDAASTGSLAEGAEGPDDAAAPFDADIDATTTETYMGEWKNDKRSGFGVSERSSGLRYEGEWLDNLRHGYGRTTLPDGHREEGKYRHNVLVKGTKRRVLPLKSSKVRQKVEHGVEGAQRAAAIARQKAEIAASRTSHAKAKAEAAEQAALAANQESNIARTLAKELAPDFYQPGPEYQKRRLLQEILENSESLLEPPERGLGTGLPERPRESPQLHERETPQPEGGPPSPAGTPPQPKRPRPGASKDGLLSPGSWNGEPGGEGSRPATPSDGAGRRSPARPASEHMAIEALQPPPAPSQEPEVAMYRGYHSYAVRTGPPEPPPLEDEQEPEPEPEPEVRRSDSAPPSPVSATVPEEEPPAPRSPVPAKQATLEPKPIVPKAEPKAKARKTEARGLSKAGAKKKGRKEVAQAKEAEVEVEEVPNTVLICMVILLNIGLAILFVHLLT,VLICMVILLNIGLAILFVHLL,VPNT,T,2.814285714285714,2.1846153846153844,-0.2513938095238095,-0.18713384615384615,2.849156853418441,3.1753826237409672,
RecName: Full=GTPase IMAP family member 3; AltName: Full=Immunity-associated nucleotide 4 protein; Short=IAN-4;,Q99MI6,280,300,20,METLQNVVTGGKKGGCTSGSRPLRILLVGKSGCGKSATGNSLLRRPAFESRLRGQSVTRTSQAETGTWEGRSILVVDTPPIFESKAQNQDMDKDIGDCYLLCAPGPHVLLLVTQLGRFTAEDVMAVRMVKEVFGVGVMRHMIVLFTRKEDLAEKSLEEFVTHTDNRSLRSLVQECGRRYCAFNNRASGEEQQGQLAELMALVRRLEQECEGSFHSNDLFLHAETLLREGYSVHQEAYRCYLAKVRQEVEKQRWELEEQEGSWVLKVLPIGKKLEVLHSDFCWYLVLAILIFFVFFFLLFYV,FCWYLVLAILIFFVFFFLLFY,LHSD,V,2.7047619047619045,2.2038461538461536,-0.27717,-0.237515,2.617978140453044,3.011357142722106,
RecName: Full=Calmin; AltName: Full=Calponin-like transmembrane domain protein;,Q8C5W0,1027,1047,20,MAAQEWDWFQREELIGQISDIRVQNLQVERENVQKRTFTRWINLHLEKCDPPLEVTDLFVDIQDGKILMALLEVLSGRNLLHEYKSSSHRIFRLNNIAKALKFLEDSNVKLVSIDAAEIADGNPSLVLGLIWNIILFFQIKELTGNLSRSSPSSSLSPGSGGTDSDSSYPPTPTTERSVAVAVKDQRKAIKTLLSWVQRKTRKYGVAVQDFAGSWRSGLAFLAVIKAIDPSLVDMKQALEDSTRDNLEKAFSIAHDSLHIPRLLEPEDIMVDMPDEQSIVTYVAQFLERFPELEPEDFVNPDKEAPIESTFVRIKESPSEQGSRVLLLSENGERAYTVNQETSYPPPDKVFVCDQLESPTGFCLDSAPSHKLSDSSTEFMHEIIDQVLQGSTGKTGSIAEPTPESSILSTRKDGRRSNSLPVKKTVHFEADLHKDASCSKDPFYSSDFRFEGSPKATKELSKQDGHVSLAEVSKEKKKSEQEARLVLEAASDKVPESTVDGLDAVPQDAQPSQDSSFCNGTVESPSSQGEKGPPPSSPGDHTLLANSTELKVQLLTVEPMDKEDYFECIPLKASKFNRDLVDFASTSQAFGEDPSSHEKTRGEEEGSENHAEKPGKRKSKSPRAETEAAESRLEPKKLEPPPKDPEQEDQGHALPPETPADKKPKVYEKAKRKSTRHHSEEEGEAESGFSAVCEEEIPSAPPSTSVSLETLRSHSEEGLDFKPSPPLSKISVIPHDLFYYPHYEVPLAAVLEAYAEGGEDLKSEDTDLEHPEDSYLQDSREEEADEDEEEAQSSQSSCSFSLPVDNSYPSVSEHVSHVDGSSEGPTSALGPGSPPSHEDHQPKETKENGPVESQQSQEPPNPELPTKPLEEKLTEASTSSKKKEKRKHMDHVESSLFIAPGTVRSSDDLEENSSEHKVPSRNSHSDSSIYIRRHTNRSLELDHFSYVQLRNAADLDDRRNRVLNRYNSQKLTELILQFYGIRADMKREYKHARLSMTGTNSSGEAVPLGNQSPPNDSLTQFVQQPDVIYFILFLWLLVYCLLLFPQLDVSRL,VIYFILFLWLLVYCLLLFPQL,QQPD,DVSRL,2.3857142857142852,1.2399999999999998,-0.2526619047619048,-0.18105000000000004,2.7373227798185944,3.2137576782928114,
RecName: Full=Myotonin-protein kinase; Short=MT-PK; EC=2.7.11.1; AltName: Full=DM-kinase; Short=DMK; AltName: Full=DMPK; AltName: Full=Myotonic dystrophy protein kinase; Short=MDPK;,P54265,593,613,20,MSAEVRLRQLQQLVLDPGFLGLEPLLDLLLGVHQELGASHLAQDKYVADFLQWVEPIAARLKEVRLQRDDFEILKVIGRGAFSEVAVVKMKQTGQVYAMKIMNKWDMLKRGEVSCFREERDVLVKGDRRWITQLHFAFQDENYLYLVMEYYVGGDLLTLLSKFGERIPAEMARFYLAEIVMAIDSVHRLGYVHRDIKPDNILLDRCGHIRLADFGSCLKLQPDGMVRSLVAVGTPDYLSPEILQAVGGGPGAGSYGPECDWWALGVFAYEMFYGQTPFYADSTAETYAKIVHYREHLSLPLADTVVPEEAQDLIRGLLCPAEIRLGRGGAGDFQKHPFFFGLDWEGLRDSVPPFTPDFEGATDTCNFDVVEDRLTAMVSGGGETLSDMQEDMPLGVRLPFVGYSYCCMAFRDNQVPDPTPMELEALQLPVSDLQGLDLQPPVSPPDQVAEEADLVAVPAPVAEAETTVTLQQLQEALEEEVLTRQSLSRELEAIRTANQNFSSQLQEAEVRNRDLEAHVRQLQERMEMLQAPGAAAITGVPSPRATDPPSHLDGPPAVAVGQCPLVGPGPMHRRHLLLPARIPRPGLSEARCLLLFAAALAAAATLGCTGLVAYTGGLTPVWCFPGATFAP,LLLFAAALAAAATLGCTGLVA,EARC,YTGGL,2.1190476190476186,1.3933333333333333,-0.18393238095238096,-0.13968833333333333,2.320423374953668,2.809034029956935,
RecName: Full=GTPase IMAP family member 1; AltName: Full=Immune-associated protein 38; Short=IAP38; AltName: Full=Immunity-associated protein 1;,P70224,251,266,15,MPQLRLILVGRTGTGKSATGNSILGQKCFLSRLGAVPVTRSCTLASRMWAGWQVEVVDTPDIFSSEIPRTDPGCVETARCFVLSAPGPHALLLVTQLGRFTMQDSQALAAVKRLFGKQVMARTVVVFTRQEDLAGDSLQDYVHCTDNRALRDLVAECGGRVCALNNRATGSEREAQAEQLLGMVACLVREHGGAHYSNEVYELVQDTRCADPQDQVAKVAEIVAERMQRRTRLLAGLWGWRKFYWKGWRRGFSVFLGVAILIYLLFYRKGFGDQNNR,GFSVFLGVAILIYLLF,GWRR,YRKGF,2.49375,0.8919999999999999,-0.19406125000000002,-0.14179360000000002,2.827819531114783,3.253660689688186,
RecName: Full=GTPase IMAP family member 5; AltName: Full=Immunity-associated nucleotide 4-like 1 protein; AltName: Full=Immunity-associated protein 3;,Q8BWF2,284,304,20,MEHLQKSTYGTIVQGPEAHCVQESSCLRILLVGKSGCGKSATGNSILRRPAFQSRLRGQSVTRTSQAETGTWEGRSILVVDTPPIFESKAQNQDMDKDIGDCYLLCAPGPHVLLLVTQLGRFTAEDAMAVRMVKEVFGVGVMRHMIVLFTRKEDLEEKSLEEFVTHTDNRSLRSLTQECGRRYCAFNNRASGEEQQGQLAELMALVRRLEQECEGSFHSNDLFLHAEALLREGYSVHQEAYRCYLAKVRQEVEKQRRELEEQEGSWIAKMICTVKSCWSSHTAACALLIVLGLTLLTTFINLCISRCK,ACALLIVLGLTLLTTFINLCI,SHTA,SRCK,2.3666666666666663,1.382758620689655,-0.19560000000000002,-0.15060517241379312,2.813209829505895,3.3436310999243437,
RecName: Full=Golgi SNAP receptor complex member 1; AltName: Full=28 kDa Golgi SNARE protein; AltName: Full=28 kDa cis-Golgi SNARE p28; Short=GOS-28;,O88630,230,250,20,MAAGTSNYWEDLRKQARQLENELDLKLVSFSKLCTSYSHSGSRDGGRDRYSSDTTPLLNGSSQDRMFETMAIEIEQLLARLTGVNDKMAEYTHSAGVPSLNAALMHTLQRHRDILQDYTHEFHKTKANFTAIRERENLMGSVRKDIESYKSGSGVNNRRTELFLKEHDHLRNSDRLIEETISIAMATKENMTSQRGMLKSIHSKMNTLANRFPAVNSLIQRINLRKRRDSLILGGVIGICTILLLLYAFH,SLILGGVIGICTILLLLYAFH,KRRD,,2.1380952380952376,1.14,-0.16010761904761905,-0.143516,3.0463811129458835,3.4332696895151074,
RecName: Full=Calcium-binding protein 7; Short=CaBP7; AltName: Full=Calneuron II; AltName: Full=Calneuron-2;,Q91ZM8,189,209,20,MPFHPVTAALMYRGIYTVPNLLSEQRPVDIPEDELEEIREAFKVFDRDGNGFISKQELGTAMRSLGYMPNEVELEVIIQRLDMDGDGQVDFEEFVTLLGPKLSTSGIPEKFHGTDFDTVFWKCDMQKLTVDELKRLLYDTFCEHLSMKDIENIIMTEEESHLGTAEECPVDVETCSNQQIRQTCVRKSLICAFAIAFIISVMLIAANQVLRSGMK,LICAFAIAFIISVMLIAANQV,VRKS,LRSGM,2.3666666666666667,1.4900000000000004,-0.25591523809523814,-0.20195033333333337,3.000923091880016,3.457425813763051,
RecName: Full=Calcium-binding protein 8; Short=CaBP8; AltName: Full=Calneuron I; AltName: Full=Calneuron-1;,Q9JJG7,193,213,20,MPFHHVTAGLLYKGNYLNRSLSAGSDSEQLANISVEELDEIREAFRVLDRDGNGFISKQELGMAMRSLGYMPSEVELAIIMQRLDMDGDGQVDFDEFMTILGPKLVSSEGRDGFLGNTIDSIFWQFDMQRVTLEELKHILYHAFRDHLTMKDIENIIINEEESLNETSGNCQTEFEGVHSQKQNRQTCVRKSLICAFAMAFIISVMLIAANQILRSGME,LICAFAMAFIISVMLIAANQI,VRKS,LRSGM,2.2571428571428567,1.4133333333333338,-0.2482828571428572,-0.19660766666666668,3.000923091880016,3.457425813763051,
RecName: Full=Golgin subfamily A member 5; AltName: Full=Golgin-84; AltName: Full=Protein Ret-II; AltName: Full=Protein Sumiko;,Q9QYE6,697,717,20,MSWFADLAGRAEDLLNRVDQGAATALRKENTSNIFYSKNTDYPELQQQNTDSNYQTGQKANYISSAADNIRHQKATILAGTANVKVGSRTVGDATHPTEHASAPRPSSQFVRRKKSEPDDELLFDFLNSSQKEPTGRVEVKKEKGRAPVSPSSPSGVSSVNTSVTTTKAMGGNAGSQSPGVNSSDSVPEVHKEPSEESTAPSATSEEHSSTPSDGSSRSQELSNLRLENQLLRNEVQSLNQEMASLLQRSKETQEELNKARVRVEKWNVDNSKSDRITRELRAQVDDLTEAVAAKDSQLAVLKVRLQEADQVLSSRTEALEALRSEKSRIMQDHKEGSSLQNQALQTLQERLHEADATLKREQESYKQMQSEFAARLNKMEVDRQNLAEAVTLAERKYSEEKKKVDELQQQVKLHRASLESAKQELVDYKQKATRILQSKEKLINSLKEGSSFEGLESSTASSMELEELRHEKEMQKEEIQKLMGQMHQLRSELQDMEAQQVSEAESAREQLQDLQDQIAKQRTSKQELETELERMKQEFRYMEEDLHRTKNTLQSRIKDREEEIQKLRNQLTNKTLSNSSQSELESRLHQLTETLIQKQTMLESLSTEKNSLVFQLERLEQQVHSASSGPNSGSAINMSGVDSGEGTRLRNVPVLFNDTETNLAGMYGKVRKAASSIDQFSIRLGIFLRRYPIARVFVIIYMALLHLWVMIVLLTYSPEMHHDQPYGK,VFVIIYMALLHLWVMIVLLTY,PIAR,SPEMH,2.395238095238095,1.4433333333333331,-0.2900352380952381,-0.20451333333333332,3.041625614369223,3.5614063297218426,
RecName: Full=Amine oxidase [flavin-containing] B; EC=1.4.3.4; AltName: Full=Monoamine oxidase type B; Short=MAO-B;,Q8BW75,490,516,26,MSNKSDVIVVGGGISGMAAAKLLHDCGLSVVVLEARDRVGGRTYTIRNKNVKYVDLGGSYVGPTQNRILRLAKELGLETYKVNEVERLIHFVKGKSYAFRGPFPPVWNPITYLDNNNLWRTMDEMGQEIPSDAPWKAPLAEEWDYMTMKELLDKICWTKSTKQIATLFVNLCVTAETHEVSALWFLWYVKQCGGTTRIISTTNGGQERKFIGGSGQVSERIKDILGDRVKLERPVIHIDQTGENVIVKTLNHEIYEAKYVISAIPPALGMKIHYSPPLPMLRNQLISRVPLGSVIKCMVYYKEPFWRKKDFCGTMVIEGEEAPIAYTLDDTKPDGTYAAIMGFILAHKARKLVRLTKEERLRKLCELYAKVLNSQEALQPVHYEEKNWCEEQYSGGCYTTYFPPGILTQYGRVLRQPVGKIFFAGTETASHWSGYMEGAVEAGERAAREILHAIGKIPEDEIWQPEPESLDVPARPITSTFLERHLPSVPGLLKLFGLTTILSATALGFLAHKRGLFVHF,PGLLKLFGLTTILSATALGFLAHKRGL,LPSV,FVHF,0.9,1.0428571428571431,-0.08461740740740742,-0.09006057142857143,3.06934027978099,3.2995944450218877,
RecName: Full=Regulator of G-protein signaling 9-binding protein; AltName: Full=RGS9-anchoring protein;,Q148R9,213,233,20,MAREECKALLDALNKTTACYHHLVLTVGGSADTQDLREELQKTRQKARELAVATGARLTVALRDRSLATEERAEFERLWVAFSGCLDLLEADMQRALALGATFPLHAPRRPLVRTGVTGGSSAVAARALSARSLRHEAESDFDVADLPQLEREVLQVGEMIDDMEMKVNVPRWTVQARQAAGAELLSGASAGASSAGGISVEERAGPCDPSKALAATVFSAVLLVAVALALCVAKLS,ALAATVFSAVLLVAVALALCV,DPSK,AKLS,2.6857142857142855,1.6379310344827591,-0.2638233333333334,-0.18186999999999998,2.3508524035751006,2.8623153750955996,
RecName: Full=Vesicle-associated membrane protein 5; Short=VAMP-5; AltName: Full=Myobrevin;,Q9Z2P8,73,93,20,MAGKELKQCQQQADEVTEIMLNNFDKVLERHGKLAELEQRSDQLLDMSSAFSKTTKTLAQQKRWENIRCRVYLGLAVAVGLLIILIVLLVVFLPSGGDSSKP,LGLAVAVGLLIILIVLLVVFL,CRVY,PSGGD,3.357142857142857,2.1566666666666667,-0.2753928571428572,-0.159313,2.279720852464461,3.0980685120588385,
RecName: Full=TRAF3-interacting JNK-activating modulator; AltName: Full=TRAF3-interacting protein 3;,Q8C0G2,486,506,20,MISSDSRSSPGLARWAESYEAKCERRQETRENRRRRRNETTCRQPGKVLRTQHKERLQGARQLQFLKRRNLEEEKKGQAREQGPSSKTDGGTGQVSILKESLPGANKASFPGQQETGISSEVFPALHHSSSGIQRDLGGHHASHGRAFPPQDSDIKKPHRQHRGTQTKAEEALPTIKNDASQQTNCGVAVLDKDIIQLSEYLKEALHRELILKKKMVILQDLLPALIRASDSSWKGQLNEDKLKGKLRSLENQLYTCLQKHSPWGMKKVLLEMEDQRSSYEQKAKASLQKVLEEKMCAEQQLQRAQLSLALAEQKCQEWKSQYEALKEDWRTLGDQHRELESQLHVLQSKLQGADSRDSQMSQALQLLENEHQELQTKLESLQGDGEQQSSETQDLQDQLKKSEEEKQALVSKVQQLQSLLQNQSLQLQEQEKLLKKDQGLPVWNPKLSLDEVKPEGTRKEKEEELRDQLQKETFQLQVKENELQCGQWLPVLMVVIATALAVFLANKGNLVI,CGQWLPVLMVVIATALAVFLA,NELQ,NKGNL,2.0857142857142854,0.9866666666666662,-0.20324238095238095,-0.14378366666666667,3.249460279921617,3.5647351787255057,
