Name and description, ID, tmh start location, tmh end location, tmh length, full protein sequence, tmh sequence, N flank sequence, C flank sequence, Hydrophobicity of TMH, Hydrophobicity of TMH and flanks, Disorder of TMH, Disorder of TMH and flanks,  
RecName: Full=Protein CASP;,P70403,620,640,20,MAANVGSMSQYWKRFDLQQLQRELDAAATVLANRQDESEQSRKRLIEQSREFKKNTPEDLRKQVAPLLKSFQGEIDALSKRSKEAEAAFLTVYKRLIDVPDPVPALDVGQQLEIKVQRLHDIETENQKLRETLEEYNKEFAEVKNQEVTIKALKEKIREYEQTLKSQAETIALEKEQKLQNDFAEKERKLQETQMSTTSKLEEAEHKLQTLQTALEKTRTELFDLKTKYDEETTAKADEIEMIMTDLERANQRAEVAQREAETLREQLSSANHSLQLASQIQKAPDVEQAIEVLTRSSLEVELAAKEREIAQLVEDVQRLQASLTKLRENSASQISQLEQQLNAKNSTLKQLEEKLKGQADYEEVKKELNTLKSMEFAPSEGAGTQDSTKPLEVLLLEKNRSLQSENATLRISNSDLSGRCAELQIHLTEATAKAVEQKELIARLEQDLSTIQSIQRPDAEGASEQGLEKIPEPIKEATALFYGPSMSSSGTLPEGQVDSLLSIISSQRERFRTRNQELEAESRMAQHTIQALQSELDSLRADNIKLFEKIKFLQSYPGRGIGSDDTELRYSSQYEERLDPFSSFSKRERQRKYLGLSPWDKATLGMGRLILSNKTARTIGFFYTLFLHCLVFLVLYKLAWSESVERDCAATCAKKFADHLHKFHESDNGAAAGDLWQ,IGFFYTLFLHCLVFLVLYKLA,TART,WSESV,1.9238095238095236,1.1499999999999995,-0.21311285714285713,-0.18147433333333332,
RecName: Full=Myotonin-protein kinase; Short=MT-PK; EC=2.7.11.1; AltName: Full=DM-kinase; Short=DMK; AltName: Full=DMPK; AltName: Full=Myotonic dystrophy protein kinase; Short=MDPK;,P54265,593,613,20,MSAEVRLRQLQQLVLDPGFLGLEPLLDLLLGVHQELGASHLAQDKYVADFLQWVEPIAARLKEVRLQRDDFEILKVIGRGAFSEVAVVKMKQTGQVYAMKIMNKWDMLKRGEVSCFREERDVLVKGDRRWITQLHFAFQDENYLYLVMEYYVGGDLLTLLSKFGERIPAEMARFYLAEIVMAIDSVHRLGYVHRDIKPDNILLDRCGHIRLADFGSCLKLQPDGMVRSLVAVGTPDYLSPEILQAVGGGPGAGSYGPECDWWALGVFAYEMFYGQTPFYADSTAETYAKIVHYREHLSLPLADTVVPEEAQDLIRGLLCPAEIRLGRGGAGDFQKHPFFFGLDWEGLRDSVPPFTPDFEGATDTCNFDVVEDRLTAMVSGGGETLSDMQEDMPLGVRLPFVGYSYCCMAFRDNQVPDPTPMELEALQLPVSDLQGLDLQPPVSPPDQVAEEADLVAVPAPVAEAETTVTLQQLQEALEEEVLTRQSLSRELEAIRTANQNFSSQLQEAEVRNRDLEAHVRQLQERMEMLQAPGAAAITGVPSPRATDPPSHLDGPPAVAVGQCPLVGPGPMHRRHLLLPARIPRPGLSEARCLLLFAAALAAAATLGCTGLVAYTGGLTPVWCFPGATFAP,LLLFAAALAAAATLGCTGLVA,EARC,YTGGL,2.1190476190476186,1.3933333333333333,-0.18393238095238096,-0.13968833333333333,
RecName: Full=Protein MGARP; AltName: Full=Corneal endothelium-specific protein 1; Short=CESP-1; AltName: Full=Hypoxia up-regulated mitochondrial movement regulator protein; AltName: Full=Mitochondria-localized glutamic acid-rich protein; AltName: Full=Ovary-specific acidic protein;,Q8VI64,42,64,22,MYLRRAVSKTLALPRRAPPGPAPLGKDASLRRMSSRKFPGTSGSNMIYYLVVGVTVSAGGYYTYKALTSKQVRRTEHVAEPKEQTKAELQPLPGEKEEHVAEAEQVCSEPGDTAVTEAESVDAEEVPEAAVVLPEESQASAPSEVPAEAAVVEASLSSSEPELKITEASLVETTESVPESTQEVESAAPDQDDVCNEGADTSQEGADTSQEGADTSQEGADTTKEEADNSKEAEGTTTEDPRSISEESAELEESPPLGSEPPAQPESQEEETQVTEETASPQG,SGSNMIYYLVVGVTVSAGGYYTY,FPGT,KALTS,0.582608695652174,0.428125,-0.06176826086956523,-0.03748781250000001,
RecName: Full=Calmin; AltName: Full=Calponin-like transmembrane domain protein;,Q8C5W0,1027,1047,20,MAAQEWDWFQREELIGQISDIRVQNLQVERENVQKRTFTRWINLHLEKCDPPLEVTDLFVDIQDGKILMALLEVLSGRNLLHEYKSSSHRIFRLNNIAKALKFLEDSNVKLVSIDAAEIADGNPSLVLGLIWNIILFFQIKELTGNLSRSSPSSSLSPGSGGTDSDSSYPPTPTTERSVAVAVKDQRKAIKTLLSWVQRKTRKYGVAVQDFAGSWRSGLAFLAVIKAIDPSLVDMKQALEDSTRDNLEKAFSIAHDSLHIPRLLEPEDIMVDMPDEQSIVTYVAQFLERFPELEPEDFVNPDKEAPIESTFVRIKESPSEQGSRVLLLSENGERAYTVNQETSYPPPDKVFVCDQLESPTGFCLDSAPSHKLSDSSTEFMHEIIDQVLQGSTGKTGSIAEPTPESSILSTRKDGRRSNSLPVKKTVHFEADLHKDASCSKDPFYSSDFRFEGSPKATKELSKQDGHVSLAEVSKEKKKSEQEARLVLEAASDKVPESTVDGLDAVPQDAQPSQDSSFCNGTVESPSSQGEKGPPPSSPGDHTLLANSTELKVQLLTVEPMDKEDYFECIPLKASKFNRDLVDFASTSQAFGEDPSSHEKTRGEEEGSENHAEKPGKRKSKSPRAETEAAESRLEPKKLEPPPKDPEQEDQGHALPPETPADKKPKVYEKAKRKSTRHHSEEEGEAESGFSAVCEEEIPSAPPSTSVSLETLRSHSEEGLDFKPSPPLSKISVIPHDLFYYPHYEVPLAAVLEAYAEGGEDLKSEDTDLEHPEDSYLQDSREEEADEDEEEAQSSQSSCSFSLPVDNSYPSVSEHVSHVDGSSEGPTSALGPGSPPSHEDHQPKETKENGPVESQQSQEPPNPELPTKPLEEKLTEASTSSKKKEKRKHMDHVESSLFIAPGTVRSSDDLEENSSEHKVPSRNSHSDSSIYIRRHTNRSLELDHFSYVQLRNAADLDDRRNRVLNRYNSQKLTELILQFYGIRADMKREYKHARLSMTGTNSSGEAVPLGNQSPPNDSLTQFVQQPDVIYFILFLWLLVYCLLLFPQLDVSRL,VIYFILFLWLLVYCLLLFPQL,QQPD,DVSRL,2.3857142857142852,1.2399999999999998,-0.2526619047619048,-0.18105000000000004,
RecName: Full=CD177 antigen; AltName: CD_antigen=CD177; Flags: Precursor;,Q8R2S8,797,817,20,MNSIPVLTLLGVTALLPCVPALTCQKSSAQAVRNVAELPLRWWGAGEKTCEVSEGCQDLIMLLYNGPKVNLVIIKGCTEVEDQEPKVIWLRTGPGLSVVSYTRVCRHGDLCNDVNSTKILEELPTPTVPGSLRCPLCLSNDSCENAPEQVCPVGSTHCYDGVLRLRGDGIRTNLKVQGCMAQPDCNLLNGTQAIGTLYMSENCDLIGPQALDCNSGSLETVRNVSDLHLSWTTGWQTCEAGEGCYETVMLIQNGHEFHMVLTKGCTRDMNKKARLTRHRTGPGISIVSYVHVCRDRDFCNDLSTTDPLWTPPPDTELGTLRCRHCLSTGSCVSASELVCPAGSTHCYSGVLSLRGGGVISDLKVQGCISQSQPGCNLLNGTQTIGPVDVREDCGLQLDALKCQHGTLKTIQDISKLPLQWTAGQKICNVGEGCQDTLMLIENGEQVNLVLTKGCTTAKDQEAKVTEHRTGPGLSVTSYTRVCRKKDFCNDLSTTAPLWAPPPVTAPGTTRCPLCFSEQACENAPEQVCPAGSTHCYSGVLSLRGGGIISDLKVQGCMSQPGCNLLNGTQTIGPVDVSERCSPPSETTELSCYRGVMFELGNGFAEEPVKWTAPGSQVCAPDEICQETLLLIDVGQKSAFLGSKGCSSPGAQDNIGVSIFSRLPGMLVASYTKFCSSHLCNGADSSSVLLSILPRPDVPPPGDVQCPMCVELFGSCKSTDSVTCPRGATHCYKGDIALQGGGLTTRVSIQGCMAPPIKPLLGDSKTIGIFSAEESSNYRHEDDVTSAPSLAWTLRLSAWMLGLSALLSSLYAGICPLC,AWMLGLSALLSSLYAGICPLC,LRLS,,1.5523809523809522,1.3960000000000001,-0.09971952380952384,-0.1121472,
RecName: Full=DnaJ homolog subfamily C member 16; Flags: Precursor;,Q80TN4,534,554,20,MELKRLGVSWRFLMVLVLILQSLSALDFDPYRVLGVSRTASQADIKKAYKKLAREWHPDKNKDPGAEDRFIQISKAYEILSNEEKRTNYDHYGDAGENQGYQKQQREHRFRHFHENFYFDESFFHFPFNAERRDSGDEKYLLHFSHYVNEVLPESFKRPYLIKITSDWCFSCIHIEPVWKEVVQELEGLGVGIGVVHAGYERRLAHHLGAHSTPSILGVISGKITFFHNAVVHENLRQFVESLLPGNLVEKVTNKNYVRFLSGWQQENKPHALLFGQTPAVPLMYKLTAFAYKDYVSFGYVYVGLRGVEEMTRQYNVNLYTPTMLIFKEHINKPADVIQARGLKKQVIEDFIAQNKYLLASRLTSQRLFHELCPVKRSHRQRKYCVVLLTAETNKVSKPFEAFLSFALANTQDTVRFVHVYSNRQQEFASTLLPDMEAFQGKSGVSILERRNTAGRVVFKTLEDPWTGSESDKFVLLGYLDQLRKDPAFLSSEAVLPDLTDELAPVFFLRWLYSVSDYLSDFWESLLHSNWREMMPLLSLIFSALFILFGTVMVQAFSDSNEERESHPADKEEVPEKAGKTEPSFTKESSSKIPKKGFVEVTELTDVTYTSNLVRLRPGHMNVVLILSNSTKTSLLQKFALEVYTFTGSSSLHFSFLTLDKHREWLEYLLEFAQDAAPIPNQYDKHFMERDYTGYVLALNGHKKYFCLFKPLKTVDEETVASCDPDSSRGKPSCGLGPKPLKGKLSKLSLWMERLLEGSLQRFYIPSWPELD,MMPLLSLIFSALFILFGTVMV,NWRE,QAFSD,2.2857142857142856,1.0799999999999998,-0.17344047619047614,-0.14470999999999998,
RecName: Full=Golgin subfamily A member 5; AltName: Full=Golgin-84; AltName: Full=Protein Ret-II; AltName: Full=Protein Sumiko;,Q9QYE6,697,717,20,MSWFADLAGRAEDLLNRVDQGAATALRKENTSNIFYSKNTDYPELQQQNTDSNYQTGQKANYISSAADNIRHQKATILAGTANVKVGSRTVGDATHPTEHASAPRPSSQFVRRKKSEPDDELLFDFLNSSQKEPTGRVEVKKEKGRAPVSPSSPSGVSSVNTSVTTTKAMGGNAGSQSPGVNSSDSVPEVHKEPSEESTAPSATSEEHSSTPSDGSSRSQELSNLRLENQLLRNEVQSLNQEMASLLQRSKETQEELNKARVRVEKWNVDNSKSDRITRELRAQVDDLTEAVAAKDSQLAVLKVRLQEADQVLSSRTEALEALRSEKSRIMQDHKEGSSLQNQALQTLQERLHEADATLKREQESYKQMQSEFAARLNKMEVDRQNLAEAVTLAERKYSEEKKKVDELQQQVKLHRASLESAKQELVDYKQKATRILQSKEKLINSLKEGSSFEGLESSTASSMELEELRHEKEMQKEEIQKLMGQMHQLRSELQDMEAQQVSEAESAREQLQDLQDQIAKQRTSKQELETELERMKQEFRYMEEDLHRTKNTLQSRIKDREEEIQKLRNQLTNKTLSNSSQSELESRLHQLTETLIQKQTMLESLSTEKNSLVFQLERLEQQVHSASSGPNSGSAINMSGVDSGEGTRLRNVPVLFNDTETNLAGMYGKVRKAASSIDQFSIRLGIFLRRYPIARVFVIIYMALLHLWVMIVLLTYSPEMHHDQPYGK,VFVIIYMALLHLWVMIVLLTY,PIAR,SPEMH,2.395238095238095,1.4433333333333331,-0.2900352380952381,-0.20451333333333332,
RecName: Full=Golgi SNAP receptor complex member 2; AltName: Full=27 kDa Golgi SNARE protein; AltName: Full=Membrin;,O35166,191,211,20,MEPLYQQTNKQVQEIQSHMGRLERADKQSVHLVENEIQASIEQIFSHLERLEILSSKEPLNRRQNAKLRVDQLKYDVQHLQTALRNFQHRRQVREQQERQRDELLSRTFTTNDSDTTIPMDESLQFNSSLHNIHHGMDDLIGGGHSILEGLRAQRLTLKGTQKKILDIANMLGLSNTVMRLIEKRAFQDKYFMIGGMLLTCAVMFLVVQYLT,YFMIGGMLLTCAVMFLVVQYL,FQDK,T,1.9190476190476193,1.2115384615384615,-0.19358999999999998,-0.16700846153846158,
RecName: Full=GTPase IMAP family member 3; AltName: Full=Immunity-associated nucleotide 4 protein; Short=IAN-4;,Q99MI6,280,300,20,METLQNVVTGGKKGGCTSGSRPLRILLVGKSGCGKSATGNSLLRRPAFESRLRGQSVTRTSQAETGTWEGRSILVVDTPPIFESKAQNQDMDKDIGDCYLLCAPGPHVLLLVTQLGRFTAEDVMAVRMVKEVFGVGVMRHMIVLFTRKEDLAEKSLEEFVTHTDNRSLRSLVQECGRRYCAFNNRASGEEQQGQLAELMALVRRLEQECEGSFHSNDLFLHAETLLREGYSVHQEAYRCYLAKVRQEVEKQRWELEEQEGSWVLKVLPIGKKLEVLHSDFCWYLVLAILIFFVFFFLLFYV,FCWYLVLAILIFFVFFFLLFY,LHSD,V,2.7047619047619045,2.2038461538461536,-0.27717,-0.237515,
RecName: Full=GTPase IMAP family member 5; AltName: Full=Immunity-associated nucleotide 4-like 1 protein; AltName: Full=Immunity-associated protein 3;,Q8BWF2,284,304,20,MEHLQKSTYGTIVQGPEAHCVQESSCLRILLVGKSGCGKSATGNSILRRPAFQSRLRGQSVTRTSQAETGTWEGRSILVVDTPPIFESKAQNQDMDKDIGDCYLLCAPGPHVLLLVTQLGRFTAEDAMAVRMVKEVFGVGVMRHMIVLFTRKEDLEEKSLEEFVTHTDNRSLRSLTQECGRRYCAFNNRASGEEQQGQLAELMALVRRLEQECEGSFHSNDLFLHAEALLREGYSVHQEAYRCYLAKVRQEVEKQRRELEEQEGSWIAKMICTVKSCWSSHTAACALLIVLGLTLLTTFINLCISRCK,ACALLIVLGLTLLTTFINLCI,SHTA,SRCK,2.3666666666666663,1.382758620689655,-0.19560000000000002,-0.15060517241379312,
RecName: Full=GTPase IMAP family member 1; AltName: Full=Immune-associated protein 38; Short=IAP38; AltName: Full=Immunity-associated protein 1;,P70224,251,266,15,MPQLRLILVGRTGTGKSATGNSILGQKCFLSRLGAVPVTRSCTLASRMWAGWQVEVVDTPDIFSSEIPRTDPGCVETARCFVLSAPGPHALLLVTQLGRFTMQDSQALAAVKRLFGKQVMARTVVVFTRQEDLAGDSLQDYVHCTDNRALRDLVAECGGRVCALNNRATGSEREAQAEQLLGMVACLVREHGGAHYSNEVYELVQDTRCADPQDQVAKVAEIVAERMQRRTRLLAGLWGWRKFYWKGWRRGFSVFLGVAILIYLLFYRKGFGDQNNR,GFSVFLGVAILIYLLF,GWRR,YRKGF,2.49375,0.8919999999999999,-0.19406125000000002,-0.14179360000000002,
RecName: Full=Junctophilin-2; Short=JP-2; AltName: Full=Junctophilin type 2;,Q9ET78,675,695,20,MSGGRFDFDDGGAYCGGWEGGKAHGHGLCTGPKGQGEYSGSWNFGFEVAGVYTWPSGNTFEGYWSQGKRHGLGIETKGRWLYKGEWTHGFKGRYGIRQSTNSGAKYEGTWNNGLQDGYGTETYADGGTYQGQFTNGMRHGYGVRQSVPYGMAVVVRSPLRTSLSSLRSEHSNGTVAPDSPAADGPMLPSPPVPRGGFALTLLATAEAARPQGLFTRGTLLGRLRRSESRTSLGSQRSRLSFLKSELSSGASDAASTGSLAEGAEGPDDAAAPFDADIDATTTETYMGEWKNDKRSGFGVSERSSGLRYEGEWLDNLRHGYGRTTLPDGHREEGKYRHNVLVKGTKRRVLPLKSSKVRQKVEHGVEGAQRAAAIARQKAEIAASRTSHAKAKAEAAEQAALAANQESNIARTLAKELAPDFYQPGPEYQKRRLLQEILENSESLLEPPERGLGTGLPERPRESPQLHERETPQPEGGPPSPAGTPPQPKRPRPGASKDGLLSPGSWNGEPGGEGSRPATPSDGAGRRSPARPASEHMAIEALQPPPAPSQEPEVAMYRGYHSYAVRTGPPEPPPLEDEQEPEPEPEPEVRRSDSAPPSPVSATVPEEEPPAPRSPVPAKQATLEPKPIVPKAEPKAKARKTEARGLSKAGAKKKGRKEVAQAKEAEVEVEEVPNTVLICMVILLNIGLAILFVHLLT,VLICMVILLNIGLAILFVHLL,VPNT,T,2.814285714285714,2.1846153846153844,-0.2513938095238095,-0.18713384615384615,
RecName: Full=Protein KASH5; AltName: Full=Coiled-coil domain-containing protein 155; AltName: Full=KASH domain-containing protein 5;,Q80VJ8,607,627,20,MHSILRSSLSSREALRMRQLKGLRKERPGRHPLGVRLRAIWTSFLFPNPPHSGGKLRASTAAVEEHQEWSMDLPEGQAGGPTAQMYLWEQPEEASSRPLLSLEEQILNSTFEACDPHKTGTVTVAHLLAYLEAVTGQGPQDVRLQTLARSLDPYGEGAGATVELDTFLVVMRDWIAACQLQGGLERAEETAYEGALASPHLPSVCPEAEESANLESFGGEDPRPEGPATAELLSNLEDLELSNRRLAGENAKLQRSVETAEEGSARLGEEITALRKQLRSTQQALQVAKALDEELEDLKTLAKSLEEQNRSLMAQARHTEKEQQHLAAEVETLQEENEKLLAERDGVKRRSEELATEKDALKRQLCECERLICQREAVLSERTRHAESLARTLEEYRTTTQELRQEISNLEEQLSQSQEGPEELLEGAEAGRVGWIMALPPSLDLEIQAIRQEQDVASAGLSSPLYGVWQWEEVEPEPEPEPEPEPEPEPQEVEFPSEDPARQQTDLQREPVRALEGSRAPCLRLSRSQEEEEEEEESWVLADPSSPLGTYHHKLAPGSSRESCHIVPEMHQALMPVVRDLVPVERSRTQHCLHPQHSPGIRISQHPLVPTPVLGLLLLLLLSILLFSQSPPPTWPHLQLYYLQPPPV,PLVPTPVLGLLLLLLLSILLF,ISQH,SQSPP,2.4190476190476184,1.3166666666666664,-0.13787857142857143,-0.07203300000000001,
RecName: Full=Mitochondrial fission factor;,Q6PCP5,272,289,17,MAEISRIQYEMEYTEGISQRMRVPEKLKVAPPNADLEQEFQDGVPNASVIMQVPERIVVTGNNEDISFSRPADLDLIQSTPFKPLALKTPPRVLTLSERPLDFLDLERPLPTPQSEESRAVGRLKRERSMSENAVRQNGQLVRNDSIVTPSPPQARVCPPHMLPEDGANLSSARGILSLIQSSTRRAYQQILDVLDENRRPVLRGGSAAATSNPHHDNVRYGISNLDAAIEGASDDMTVVDAASLRRQIIKLNRRLQLLEEENKERAKREMVMYSITVAFWLLNSWLWFRR,VMYSITVAFWLLNSWLWF,KREM,RR,1.3222222222222222,0.19999999999999996,-0.19778277777777778,-0.1925225,
RecName: Full=Lymphoid-restricted membrane protein; AltName: Full=Protein Jaw1; Contains: RecName: Full=Processed lymphoid-restricted membrane protein;,Q60664,480,500,20,MLCVKGPPEQEPEDGALDVTRGCQCPLPTEDSILGQELLDCTRMNEDQSTDENGAGHFYSESPSQLREYLTQPSSEQTSSSESTVTSSESGSDILHMASGDLDCKPLCEKEEEARAASAMQGTSLAPAAYGDYTSVGVAKAASQLEAGEELRTTENGGKGSAPGETEISMPPKASVKLVNFQQSENTSANEKEVEAEFLRLSLGLKCDWFTLEKRVKLEERSRDLAEENLKKEITNCLKLLESLTPLCEEDNQAQEIVKKLEKSIVLLSQCTARVASRAEMLGAINQESRVSRAVEVMIQHVENLKRMYAKEHAELEDLKQALLQNDRSFNSLPDEDDCQIKKRSSSLNSKPSSLRRVTIASLPRNLGNVGLVSGMENNDRFSRRSSSWRILGTKQGEHRPSLHRFISTYSWADAEDERSDVKARDAPEPQGEEAVERTRKPSLSERRSSTLAWDRGTICSSVASWVTHLQASFRRANRALWLTGLIIILIAALMSFLTGQLFQTAVEAAPTQEGDSWLSLEHILWPFTRLGHDGPPPV,ALWLTGLIIILIAALMSFLTG,RANR,QLFQT,2.238095238095238,1.1733333333333331,-0.19851952380952378,-0.18279066666666666,
RecName: Full=Inactive 2'-5'-oligoadenylate synthase 1B; Short=(2-5')oligo(A) synthase 1B; Short=2-5A synthase 1B; AltName: Full=2'-5'-oligoadenylate synthase-like protein 1;,Q60856,352,370,18,MEQDLRSIPASKLDKFIENHLPDTSFCADLREVIDALCALLKDRSFRGPVRRMRASKGVKGKGTTLKGRSDADLVVFLNNLTSFEDQLNQQGVLIKEIKKQLCEVQHERRCGVKFEVHSLRSPNSRALSFKLSAPDLLKEVKFDVLPAYDLLDHLNILKKPNQQFYANLISGRTPPGKEGKLSICFMGLRKYFLNCRPTKLKRLIRLVTHWYQLCKEKLGDPLPPQYALELLTVYAWEYGSRVTKFNTAQGFRTVLELVTKYKQLQIYWTVYYDFRHQEVSEYLHQQLKKDRPVILDPADPTRNIAGLNPKDWRRLAGEAAAWLQYPCFKYRDGSSVCSWEVPTEVGVPMKYLLCRIFWLLFWSLFHFIFGKTSSG,YLLCRIFWLLFWSLFHFIF,VPMK,GKTSS,1.7315789473684209,0.9607142857142855,-0.23191210526315792,-0.14065714285714287,
RecName: Full=Nesprin-1; AltName: Full=Enaptin; AltName: Full=KASH domain-containing protein 1; Short=KASH1; AltName: Full=Myocyte nuclear envelope protein 1; Short=Myne-1; AltName: Full=Nuclear envelope spectrin repeat protein 1; AltName: Full=Synaptic nuclear envelope protein 1; Short=Syne-1;,Q6ZWR6,8749,8769,20,MATSRASSRSHRDITNVMQRLQDEQEIVQKRTFTKWINSHLAKRKPPMVVDDLFEDMKDGIKLLALLEVLSGQKLPCEQGHRVKRIHAVANIGTALKFLEGRKIKLVNINATDIADGRPSIVLGLMWTIILYFQIEELTSNLPQLQSLSSSASSVDSMVSTETASPPSKRKVAAKIQGNAKKTLLKWVQHTAGKQMGIEVKDFGKSWRTGLAFHSVIHAIQPELVDLEKVKTRSNRENLEDAFTIAETQLGIPRLLDPEDVDVDKPDEKSIMTYVAQFLTQYPDIHGAGCDGQEDDVVFVGFTNNIALLLGFQRDDRLILKETKVWIEQFERDFTRAQMTESSLQDKYQAFKHFRVQYEMKRKQVEHIIQPLQRDGKLTLDQALVKQCWERVSSRLFDWHIQLDKSLPAPLGTIGAWLYRAEVALREEITIQQVHEETANTIQRKLEQHKDLLQNTDAHKRAFHEIYQTRSVNGIPMPPDQLEDMAERFHFVSSTSELHLMKMEFLELKYRLLSLLVLAESKLKSWIIKYGRRESVELLLQSYISFIENSKFFEQYEVTYQILKQTADIYVKAEGSVEEAENVMKFMSEATAQWRNLSVEVRSVRSMLEEVISNWDRYGDTVASLQAWLEDAEKMLSQSEHAKKDFFRNLPHWIQQHTAMNDAGNFLIETCDEIVSRDLKQQLLLLNGRWRELFMEVKQYARADEMDRMKKEYIDVTTTLFGFATEAHRKLSEPLEVSFINVKLLIQDLEDLEKRVPVMDAQYKMIAKKAHLFAKESPQEEANEMLTTMSKLKEQLSKVKECCSPLLYEAQQLTVPLEELETQITSFYDSLGKINEILSVLEQEAQSSTLFKQKHQELLASQENCKKSLTLIEKGSQSVQKLVTSSQARKPWDHTKLQKQIADVHHAFQSMIKKTGDWKKHVEANSRLMKKFEESRAELEKVLRVAQEGLEEKGDPEELLRRHTEFFSQLDQRVLNAFLKACDELTDILPEQEQQGLQEAVRKLHKQWKDLQGEAPYHLLHLKIAVEKDRFSAAVEECRAELEQETKLAPQEGSEKIIKEHRVFFSDKGPHHLCEKRLQLIEELCGKLPVQDPVRDTCGACHTALKELKASIDNTYTMLVDDPDKWKDYTSRFSEFSSWVSAKKACLKKIKDEPIDTGNHDEVKHMVDEIRNDITKKGESLSWLKSRLKYLIDISSENEAQKRGDELAELSSSFKALVALLSEVEKLLSNFGECVQYKEIVKSSLEGLISGPQESKEEAEMILDSKNLLEAQQLLLHHQQKTKMISAKKRDLQEQMEQAQQGGQAGPGQEELRKLESTLTGLEQSRERQERRIQVSLRKWERFETNKETVVRYLFQTGSSHERFLSFSSLESLSSELEQTKEFSKRTESIATQAENLVKEAAELPLGPRNKRVLQRQAKSIKEQVTTLEDTLEEDIKTMEMVKSKWDHFGSNFETLSIWILEKENELSSLEASASAADVQISQIKVTIQEIESKIDSIVGLEEEAQSFAQFVTTGESARIKAKLTQIRRYWEELQEHARGLEGTILGHLSQQQKFEENLRKIRQSVSEFAERLADPIKICSSAAETYKVLQEHMDLCQAVESLSSTVTMFSASAQKAVNRESCTQEAAALQQQYEEILHKAKEMQTALEDLLARWQRLEKGLSPFLTWLERCEAIASSPEKDISADRGKVESELQLIQALQNEVVSQASLYSNLLQLKEALFSVASKEDVAVMKLQLEQLDERWGDLPQIISKRMHFLQSVLAEHKQFDELLFSFSVWIKQFLGELQRTSEINLRDHQVALTRHKDHAAEIEKKRGEITHLQGHLSQLRSLGRAQDLHPLQSKVDDCFQLFEEASQVVERRKLALAQLAEFLQSHACMSTLLYQLRQTVEATKSMSKKQSDSLKTDLHSAIQDVKTLESSAISLDGTLTKAQCHLKSASPEERTSCRATTDQLSLEVERIQNLLGTKQSEADALVALKEAFREQKEELLRSIEDIEERMDRERLKVPTRQALQHRLRVFNQLEDELNSHEHELCWLKDKAKQIAQKDVAFAPEVDREINGLEATWDDTRRQIHENQGQCCGLIDLVREYQSLKSTVCNVLEDASNVVVMRATIKDQGDLKWAFSKHETSRNEMNSKQKELDSFTSKGKHLLSELKKIHSGDFSLVKTDMESTLDKWLDVSERIEENMDMLRVSLSIWDDVLSRKDEIEGWSNSSLPKLAENISNLNNSLRAEELLKELESEVKIKALKLEDLHSKINNLKELTKNPETPTELQFIEADLRQKLEHAKEITEEARGTLKDFTAQRTQVERFVKDITAWLINVEESLTRCAQTETCEGLKKAKDIRKELQSQQNSITSTQEELNSLCRKHHSVELESLGRAMTGLIKKHEATSQLCSQTQARIQDSLEKHFSGSMKEFQEWFLGAKAAARESSNLTGDSQILEARLHNLQGVLDSLSDGQSKLDVVTQEGQTLYAHLPKQIVSSIQEQITKANEEFQAFLKQCLKEKQALQDCVSELGSFEDQHRKLNLWIHEMEERLKTENLGESKHHISEKKNEVRKVEMFLGELLAARESLDKLSQRGQLLSEESHSAGKGGCRSTQLLTSYQSLLRVTKEKLRSCQLALKEHEALEEATQSMWARVKDVQDRLACAESTLGNKETLEGRLSQIQDILLMKGEGEVKLNLAIGKGDQALRSSNKEGQQAIQDQLEMLKKAWAEAMNSAVHAQSTLESVIDQWNDYLEKKSQLEQWMESVDQRLEHPLQLQPGLKEKFSLLDHFQSIVSEAEDHTGALQQLAAKSRELYQKTQDESFKEAGQEELRTQFQDIMTVAKEKMRTVEDLVKDHLMYLDAVQEFADWLHSAKEELHRWSDTSGDPSATQKKLLKIKELIDSREIGAGRLSRVESLAPAVKQNTAASGCELLNSEMQALRADWRQWEDCLFQTQSSLESLVSEMALSEQEFFGQVTQLEQALEQFCTLLKTWAQQLTLLEGKNSDEEILECWHKGREILDALQKAEPMTEDLKSQLNELCRFSRDLSPYSEKVSGLIKEYNCLCLQASKGCQNKEQILQERFQKASRGFQQWLVNAKITTAKCFDLPQNLSEVSSSLQKIQEFLSESENGQHKLNTMLFKGELLSSLLTEEKAQAVQAKVLTAKEEWKSFHANLHQKESALENLKIQMKDFEVSAELVQNWLSKTERLVQESSNRLYDLPAKRREQQKLQSVLEEIQCYEPQLHRLKEKARQLWEGQAASKSFVHRVSQLSSQYLALSNVTKEKVSRLDRIIAEHNRFSQGVKELQDWMSDAVHMLDSYCLPTSDKSVLDSRMLKLEALLSVRQEKEIQMKMVVTRGEYVLQSTSLEGSAAVQQQLQAVKDMWESLLSAAIRCKSQLEGALSKWTSYQDDVRQFSSWMDSVEVSLTESEKQHTELREKITALGKAKLLNEEVLSHSSLLETIEVKRAAMTEHYVTQLELQDLQERHQALKEKAKEAVTKLEKLVRLHQEYQRDLKAFESWLEQEQEKLDRCSVHEGDTNAHETMLRDLQELQVRCAEGQALLNSVLHTREDVIPSGLPQAEDRVLESLRQDWQVYQHRLAEARMQLNNVVNKLRLMEQKFQQADEWLKRMEEKINFRSECQSSRSDKEIQLLQLKKWHEDLSAHRDEVEEVGTRAQGILDETHISSRMGCQATQLTSRYQALLLQVLEQIKFFEEELQCLEETESSLSSYSDWYGSTHKNFKNVATKIDKVDESMMGKKLKTLEVLLKDMEKGHSLLKSAREKGERAMKFLAEHEAEALRKEIHTYMEQLKNLTSTVRKECMSLEKGLHLAKEFSDKYKVLAQWMAEYQEILCTPEEPKMELYEKKAQLSKYKSLQQMVLSHEPSVTSVQEKSEALLELVQDQSLKDKIQKLQSDFQDLCSRAKERVFSLEAKVKDHEDYNTELQEVEKWLLQMSGRLVAPDLLEMSSLETITQQLAHHKAMMEEIAGFEDRLDNLKAKGDTLIGQCPEHLQAKQKQTVQAHLQGTKDSYSAICSTAQRVYRSLEYELQKHVSSQDTLQQCQAWISAVQPDLKPSPQPPLSRAEAVKQVKHFRALQEQARTYLDLLCSMCDLSNSSVKNTAKDIQQTEQLIEQRLVQAQNLTQGWEEIKSLKAELWIYLQDADQQLQNMKRRHTELEINIAQNMVMQVKDFIKQLQCKQVSVSTIVEKVDKLTKNQESPEHKEITHLNDQWQDLCLQSDKLCAQREQDLQRTSSYHDHMRVVEAFLEKFTTEWDSLARSNAESTAIHLEALKKLALALQEEMYAIDDLKDCKQKLIEQLGLDDRELVREQTSHLEQRWFQLQDLVKRKIQVSVTNLEELNVIQSRFQELMEWAEEQQPNIVEALKQSPPPGMAQHLLMDHLAICSELEAKQVLLKSLMKDADRVMADLGLNERKVIQKALSEAQKHVSCLSDLVGQRRKYLNKALSEKTQFLMAVFQATSQIQQHERKIVFREYICLLPDDVSKQVKTCKTAQASLKTYQNEVTGLCAQGRELMKGITKQEQEEVLGKLQELQTVYDTVLQKCSHRLQELEKSLVSRKHFKEDFDKACHWLKQADIVTFPEINLMNEKTELHAQLDKYQSILEQSPEYENLLLTLQTTGQAMLPSLNEVDHSYLSEKLSALPQQFNVIVALAKDKFYKTQEAILARKEYTSLIELTTQSLGDLEDQFLKMRKMPSDLIVEESVSLQQSCSALLGEVVALGEAVNELNQKKESFRSTGQPWQPEKMLQLATLYHRLKRQAEQRVSFLEDTTSVYKEHAQMCRQLESQLEVVKREQAKVNEETLPAEEKLKVYHSLAGSLQDSGILLKRVATHLEDLSPHLDPTAYEKAKSQVQSWQEELKQMTSDVGELVTECESRMVQSIDFQTEMSRSLDWLRRVKAELSGPVCLDLSLQDIQEEIRKIQIHQEEVLSSLRIMSALSHKEQEKFTKAKELISADLEHTLAELQELDGDVQEALRTRQATLTEIYSRCQRYYQVFQAANDWLDDAQEMLQLAGNGLDVESAEENLRSHMEFFKTEGQFHSNMEELRGLVARLDPLIKATGKEELAQKMASLEKRSQGIIQESHTQRDLLQRCMVQWQEYQKAREGVIELMNDAEKKLSEFAVLKTSSIHEAEEKLSKHKALVSVVDSFHEKIVALEEKASQLEQTGNDTSKATLSRSMTTVWQRWTRLRAVAQDQEKILEDAVDEWKRLSAKVKETTEVINQLQGRLPGSSTEKASKAELMTLLESHDTYLMDLESQQLTLGVLQQRALSMLQDRAFPGTEEEVPILRAITALQDQCLNMQEKVKNHGKLVKQELQEREAVETRINSVKSWVQETKDYLGNPTIEIDTQLEELKRLLAEATSHQESIEKIAEEQKNKYLGLYTVLPSEISLQLAEVALDLKIHDQIQEKVQEIEEGKAMSQEFSCKIQKVTKDLTTILTKLKAKTDDLVHAKAEHKMLGEELDGCNSKLMELDAAIQTFSERHSQLGQPLAKKIGKLTELHQQTIRQAENRLSKLNQALSHMEEYNEMLETVRKWIEKAKVLVHGNIAWNSASQLQEQYILHQTLLEESGEIDSDLEAMAEKVQHLANVYCTGKLSQQVTQFGREMEELRQAIRVRLRNLQDAAKDMKKFEGELRNLQVALEQAQTILTSPEVGRRSLKEQLCHRQHLLSEMESLKPKMQAVQLCQSALRIPEDVVASLPLCHAALRLQEEASQLQHTAIQQCNIMQAKKHSLIFPPKEAVVQYEQYKQEMKHLQQLIEEAHREIEDKPVATSNIQELQAQISLHEELAQKIKGYQEQIDSLNSKCKMLTMKAKHATMLLTVTEVEGLAEGTEDLDRELHPTPSAHPSVVMMTAGRCHTLLSPVTEESGEEGTNSEISSPPACRSPSPVANTEAAVNQDIAYYQALSAEGLQTDAARIPPSAAVSQELYEPGLEPSATAKLGDLQRSWETLKNVISEKQRTLYEVLERQQKYQDSLQSISTKMEAMEMKLGESLEPSRSPESQMAEHQALMDEVQMLQDEINGLQVSLAEELVAESQESDPAEQLALQSTLTVLAERMSTIRMKAAGKRQLLEEKLSDQLEEQRQEQALQRYRCEADELDHWLLNTKATLDVALGTSQEPMDMDAQLVDCQNMLVEIEQKVVALSQLSVHNENLLLEGKAHTKEEAEQLAVKLRLLKGSLGELQRALHDRQLDMQGVTQEKEENDVDFTDTQSPGVQEWLAQARTTRTHQRQSSLQQQKEFEQELAEQKSLLRSVASRGEEILTQHSTAEGSGGLGEKPDVLSQELGIAEDQMRVKWESLHQEFSAKQKLLQNILEQEQEQVLYSSPNRLLSGVLPFRGEAQTQDKTSVTSLLDGLSQAFGEASSQSGGTDRQSIHLEQKLYDGVSATSTWLNDVEERLFVATAPLPEETEACLFNQEALAKDIKEMSEEMDKNKNLFSQAFPEDSDNRDVIEDTLGCLLGRLSLLDSVVDQRCHQMKERLQQILRFQNDLKVLFTSLADSKYIILQKLANVFEQPIVEQMQAIQQAEEGLRDLEGGISELKRWADKLQVEQSAVQELSKLQDMYDELLMTVSSRRSSLHQNLALKSQYDKALQDLVDLLDTGQEKMTGDQKIIVCSKEEIQQLLGKHKEYFQGLESHMILTEILFRKIVGFAAVKETQFHTDCMAQASAVLKQAHKRGVELEYILEMWSHLDENRQELSRQLEVIENSIPSVGLVEESEDRLVERTNLYQHLKSSLNEYQPKLYQALDDGKRLLMSVSCSELESQLNQLGEHWLSNTNKVSKELHRLETILKHWTRYQSEAAALNHWLQCAKDRLAFWTQQSVTVPQELEMVRDHLSAFLEFSKEVDAKSALKSSVTSTGNQLLRLKKVDTAALRAELSRMDSQWTDLLTGIPVVQEKLHQLQMDKLPSRHAISEVMSWISLMESVILKDEEDIRNAIGYKAIHEYLQKYKGFKIDLNCKQLTADFVNQSVLQISSQDVESKRSDKTDFAEQLGAMNKSWQLLQGRVGEKIQMLEGLLESWSEYENSVQSLKAWFANQERKLKEQHLLGDRNSVENALKDCQELEDLIKAKEKEVEKIEQNGLALIQNKREEVSGSVMSTLQELRQTWISLDRTVEQLKIQLTSALGQWSNHKAACDEINGHLMEARYSLSRFRLLTGSSEAVQVQVDNLQNLHDELEKQEGGLQKFGSITNQLLKECHPPVAETLSSTLQEVNMRWNNLLEEIAEQLHSSKALLQLWQRYKDYSKQCASAIQRQEEQTSVLLKAATNKDIADDEVTKWIQDCNDLLKGLETVKDSLFILRELGEQLGQQVDVSAAAAIQCEQLCFSQRLGALEQALCKQQAVLQAGVVDYETFAKSLEALEVWMVEAEGILQGQDPTHSSDLSTIQERMEELKGQMLKFSSLAPDLDRLNELGYRLPLNDKEIKRMQNLNRHWSLTSSQTTERFSKLQSFLLQHQTFLEKCETWMEFLVQTEHKLAVEISGNYQHLLEQQRAHELFQAEMFSRQQILHSIIVDGQNLLEQGQVDDREEFSLKLTLLSNQWQGVIRRAQQRRGIIDSQIRQWQRYREMAEKLRKWLAEVSHLPLSGLGNIPVPLQQVRMLFDEVQFKEKVFLRQQGSYILTVEAGKQLLLSADSGAEAALQAELTDIQEKWKAASMHLEEQKKKLAFLLKDWEKCERGIANSLEKLRMFKKRLSQPLPDHHEELHAEQMRCKELENAVGRWTDDLTELMLVRDALAVYLSAEDISMLKERVELLQRQWEELCHQVSLRRQQVSERLNEWAVFSEKNKELCEWLTQMESKVSQNGDILIEEMIEKLKKDYQEEIAVAQENKIQLQEMGERLAKASHESKASEIQYKLSRVKDRWQHLLDLMAARVKKLKETLVAVQQLDKNMGSLRTWLAHMESELAKPIVYDSCNSEEIQRKLNEQQELQRDIEKHSTGVASVLNLCEVLLHDCDACATDAECDSIQQATRNLDRRWRNICAMSMERRLKIEETWRLWQKFLDDYSRFEDWLEVSERTAAFPSSSGVLYTVAKEELKKFEAFQRQVHESLTQLELINKQYRRLARENRTDSACSLRQMVHGGNQRWDDLQKRVTSILRRLKHFISQREEFETARDSILVWLTEMDLQLTNIEHFSECDVQAKIKQLKAFQQEISLNHNKIEQIIAQGEQLIEKSEPLDAAVIEEELDELRRYCQEVFGRVERYHKKLIRLPVRLPDDHDLSDRELDLEDSTALSDLRWQDPSADGMPSPQPSSNPSLSLPQPLRSERSGRDTPASVDSIPLEWDHDYDLSRDLESASRTLPSEDEEGEEDKEFYLRGAVGLSGDPSSLESQMRQLDKALDDSRFQIQQTANILRSKTPTGPDLDTSYKGYMKLLGECSGSIDSVRRLEHKLAEEESFPGFVNLNSTETQTAGVIDRWELLQAQAMSKELRMKQNLQKWQQFNSDLNNIWAWLGETEEELDRLQHLALSTDIHTIESHIKKLKELQKAVDHRKAIILSINLCSSEFTQADSKESHDLQDRLSQMNGRWDRVCSLLEDWRGLLQDALMQCQEFHEMSHALLLMLENIDRRKNEIVPIDSTLDPETLQDHHKQLMQIKQELLKSQLRVASLQDMSRQLLVNAEGSDCLEAKEKVHVIGNRLKLLLKEVSHHIKDLEKLLDMSSSQQDLSSWSSADELDTSGSVSPTSGRSTPNRQKSPRGKCSLSQPGPSVSSPKSRSTRDGSDSSRSDPRPERVGRAFLFRILRAALPFQLLLLLLIGLTCLVPMSEKDYSCALSNNFARSFHPMLRYTNGPPPL,AALPFQLLLLLLIGLTCLVPM,RILR,SEKDY,2.1857142857142855,1.0733333333333333,-0.16573428571428575,-0.1578516666666667,
RecName: Full=Syntaxin-16;,Q8BVI5,303,323,20,MATRRLTDAFLLLRNNSIQTRQLLAEQVSSHTTSSPLHSRSIAAELDELADDRMALVSGISLDPEAAIGVTKRSPPKWVDGVDEIQYDVGRIKQKMKELASLHDKHLNRPTLDDSSEEEHAIEITTQEVTQLFHRCQRAVQALPSRARRACSEQEERLLRNVVASLAQALQELSTSFRHAQSDYLKRMKNREERSQHFFDTPVPLMDDGDDATLYGQGFTDDQLVLVEQNTLMVEEREREIRQIVQSISDLNEIFRDLGAMIVEQGTVLDRIDYNVEQSCVKTEDGLKQLHKAEQYQKKNRKMLVIVILVAVIIVLLVALVAVKSR,MLVIVILVAVIIVLLVALVAV,KNRK,KSR,3.7095238095238097,1.8892857142857142,-0.356122380952381,-0.2771160714285714,
RecName: Full=Syntaxin-7;,O70439,239,259,20,MSYTPGIGGDSAQLAQRISSNIQKITQCSVEIQRTLNQLGTPQDSPELRQLLQQKQQYTNQLAKETDKYIKEFGSLPTTPSEQRQRKIQKDRLVAEFTTSLTNFQKAQRQAAEREKEFVARVRASSRVSGGFPEDSSKEKNLVSWESQTQPQVQVQDEEITEDDLRLIHERESSIRQLEADIMDINEIFKDLGMMIHEQGDMIDSIEANVESAEVHVQQANQQLSRAADYQRKSRKTLCIIIFILVVRIVIICLIVWGLKG,CIIIFILVVRIVIICLIVWGL,RKTL,KG,3.1523809523809527,2.096296296296296,-0.29424000000000006,-0.23894925925925922,
RecName: Full=Nesprin-4; AltName: Full=KASH domain-containing protein 4; Short=KASH4; AltName: Full=Nuclear envelope spectrin repeat protein 4;,Q8CII8,340,360,20,MALVPPLGREFPPEPVNCPLAAPRELDVVGGTICPAPEEETSRPEQVQASLGLPEHCMGELKSTESATSPSRLPLASSHEHQDGGKPCEHSDSGLEVLEAEQDSLHLCLLRLNFRLQDLERGLGSWTLAHNRIVQMQALQAELRGAAERVDALLAFGEGLAERSEPRAWASLEQVLRALGTHRDTIFQRLWQLQAQLISYSLVLEKANLLDQDLEVEGDSDGPAAGGVWGPWAPSTFPTPAELEWDPAGDVGGLGPSGQKISRIPGAPCELCGYRGPQSSGQGLEDLLSLGLGHRKHLAAHHRRRLRKPQDRKRQVSPSLPDAMLEVDRGVPAPASKRPLTLFFLLLFLLLVGATLLLPLSGVSCCSHARLARTPYLVLSYVNGLPPI,LTLFFLLLFLLLVGATLLLPL,SKRP,SGVSC,2.6952380952380945,1.6833333333333331,-0.20839428571428573,-0.12133666666666668,
RecName: Full=Syntaxin-6;,Q9JKK1,235,255,20,MSMEDPFFVVKGEVQKAVNTAQGLFQRWTELLQGPSAATREEIDWTTNELRNNLRSIEWDLEDLDETISIVEANPRKFNLDATELSIRKAFITSTRQIVRDMKDQMSASSVQALAERKNRQALLGDSSSQSWNAGVADRYGRLDRELQLANSHFIEEQQAQQQLIVEQQDEQLELVSGSIGVLKNMSQRIGGELEEQAVMLDDFSHELESTQSRLDNVMKKLAKVSHMTSDRRQWCAIAILFAVLVVVLILFLVL,WCAIAILFAVLVVVLILFLVL,DRRQ,,3.3285714285714283,2.156,-0.3199757142857143,-0.2813088,
RecName: Full=Syntaxin-3;,Q64704,264,283,19,MKDRLEQLKAKQLTQDDDTDEVEIAIDNTAFMDEFFSEIEETRLNIDKISEHVEEAKKLYSIILSAPIPEPKTKDDLEQLTTEIKKRANNVRNKLKSMEKHIEEDEVRSSADLRIRKSQHSVLSRKFVEVMTKYNEAQVDFRERSKGRIQRQLEITGKKTTDEELEEMLESGNPAIFTSGIIDSQISKQALSEIEGRHKDIVRLESSIKELHDMFMDIAMLVENQGEMLDNIELNVMHTVDHVEKARDETKRAMKYQGQARKKLIIIIVVVVVLLGILALIIGLSVGLK,LIIIIVVVVVLLGILALIIG,ARKK,LSVGL,3.624999999999999,2.5034482758620684,-0.29856550000000004,-0.24467413793103449,
RecName: Full=Nesprin-3; AltName: Full=KASH domain-containing protein 3; Short=KASH3; AltName: Full=Nuclear envelope spectrin repeat protein 3;,Q4FZC9,926,946,20,MTQQPQEDFERSVEDAQAWMKVIQEQLQVNDNTKGPRAALEARLRETEKICQLESEGMVKVELVLRAAEALLATCQEGQKPEILARLRDIKSQWEETVTYMTHCHSRIEWVWLHWSEYLLAQDEFYRWFQKMVVALEPPVELQLGLKEKQWQLSHAQVLLHNVDNQAVLLDRLLEEAGSLFSRIGDPSVDEDAQKRMKAEYDAVKARAQRRVDLLAQVAQDHEQYREDVNEFQLWLKAVVEKVHSCLGRNCKLATELRLSTLQDIAKDFPRGEESLKRLEEQAVGVIQNTSPLGAEKISGELEEMRGVLEKLRVLWKEEEGRLRGLLQSRGDCEQQIQQLEAELGDFKKSLQRLAQEGLEPTVKTATEDELVAQWRLFSGTRAALASEEPRVDRLQTQLKKLVTFPDLQSLSDSVVATIQEYQSMKGKNTRLHNATRAELWQRFQRPLNDLQLWKALAQRLLDITASLPDLASIHTFLPQIEAALTESSRLKEQLAMLQLKTDLLGSIFGQERAATLLEQVTSSVRDRDLLHNSLLQRKSKLQSLLVQHKDFGVAFDPLNRKLLDLQARIQAEKGLPRDLPGKQVQLLRLQGLQEEGLDLGTQIEAVRPLAHGNSKHQQKVDQISCDQQALQRSLEDLVDRCQQNVREHCTFSHRLSELQLWITMATQTLESHQGDVRLWDAESQEAGLETLLSEIPEKEVQVSLLQALGQLVMKKSSPEGATMVQEELRKLMESWQALRLLEENMLSLMRNQQLQRTEVDTGKKQVFTNNIPKAGFLINPQDPIPRRQHGANPLEGHDLPEDHPQLLRDFEQWLQAENSKLRRIITMRVATAKDLRTREVKLQELEARIPEGQHLFENLLRLRPARDPSNELEDLRYRWMLYKSKLKDSGHLLTESSPGELTAFQKSRRQKRWSPCSLLQKACRVALPLQLLLLLFLLLLFLLPAGEEERSCALANNFARSFALMLRYNGPPPT,VALPLQLLLLLFLLLLFLLPA,KACR,GEEER,2.671428571428571,1.2199999999999995,-0.23031095238095242,-0.19157766666666667,
RecName: Full=Synaptojanin-2-binding protein {ECO:0000250|UniProtKB:P57105}; AltName: Full=Activin receptor-interacting protein 2 {ECO:0000303|PubMed:11882656}; AltName: Full=Activin receptor-interacting protein 4 {ECO:0000312|EMBL:AAT70239.1}; AltName: Full=Mitochondrial outer membrane protein 25 {ECO:0000250|UniProtKB:P57105};,Q9D6K5,118,138,20,MNGRVDYLVTEEEINLTRGPSGLGFNIVGGTDQQYVSNDSGIYVSRIKEDGAAAQDGRLQEGDKILSVNGQDLKNLLHQDAVDLFRNAGCAVSLRVQHRLPVQNGPIVHRGEGEPSGVPVAMVLLPVFALTMVAVWAFVRYRKQL,VPVAMVLLPVFALTMVAVWAF,EPSG,VRYRK,2.3047619047619046,1.0699999999999998,-0.20999190476190477,-0.15110166666666672,
RecName: Full=TRAF3-interacting JNK-activating modulator; AltName: Full=TRAF3-interacting protein 3;,Q8C0G2,486,506,20,MISSDSRSSPGLARWAESYEAKCERRQETRENRRRRRNETTCRQPGKVLRTQHKERLQGARQLQFLKRRNLEEEKKGQAREQGPSSKTDGGTGQVSILKESLPGANKASFPGQQETGISSEVFPALHHSSSGIQRDLGGHHASHGRAFPPQDSDIKKPHRQHRGTQTKAEEALPTIKNDASQQTNCGVAVLDKDIIQLSEYLKEALHRELILKKKMVILQDLLPALIRASDSSWKGQLNEDKLKGKLRSLENQLYTCLQKHSPWGMKKVLLEMEDQRSSYEQKAKASLQKVLEEKMCAEQQLQRAQLSLALAEQKCQEWKSQYEALKEDWRTLGDQHRELESQLHVLQSKLQGADSRDSQMSQALQLLENEHQELQTKLESLQGDGEQQSSETQDLQDQLKKSEEEKQALVSKVQQLQSLLQNQSLQLQEQEKLLKKDQGLPVWNPKLSLDEVKPEGTRKEKEEELRDQLQKETFQLQVKENELQCGQWLPVLMVVIATALAVFLANKGNLVI,CGQWLPVLMVVIATALAVFLA,NELQ,NKGNL,2.0857142857142854,0.9866666666666662,-0.20324238095238095,-0.14378366666666667,
RecName: Full=Vesicle-associated membrane protein-associated protein A; Short=VAMP-A; Short=VAMP-associated protein A; Short=VAP-A; AltName: Full=33 kDa VAMP-associated protein; Short=VAP-33;,Q9WV55,229,249,20,MASASGAMAKHEQILVLDPPSDLKFKGPFTDVVTTNLKLQNPSDRKVCFKVKTTAPRRYCVRPNSGIIDPGSIVTVSVMLQPFDYDPNEKSKHKFMVQTIFAPPNISDMEAVWKEAKPDELMDSKLRCVFEMPNENDKLNDMEPSKAVPLNASKQDGPLPKPHSVSLNDTETRKLMEECKRLQGEMMKLSEENRHLRDEGLRLRKVAHSDKPGSTSAVSFRDNVTSPLPSLLVVIAAIFIGFFLGKFIL,PSLLVVIAAIFIGFFLGKFIL,TSPL,,2.3476190476190473,2.0,-0.1798490476190476,-0.1364272,
RecName: Full=Serine/threonine-protein kinase VRK2; EC=2.7.11.1; AltName: Full=Vaccinia-related kinase 2;,Q8BN21,482,502,20,MAPRRKEKYKLPVPLPEGKILDDMEGNRWALGKMIGSGGFGLIYLAFPTNKPNKDARHVIKLEYQENGPLFSELKFYQRAAKRECIQKWIQQRKLDYLGIPVFYGFGLTDFKGRSYRFMVMERLGIDLQKLLDQNGGFKKLTVLQLGIRMLDVLEYIHENEYVHGDIKAANLLLDFTNPDRVYLADYGLSYRYCPNGNHKQYQEDPRKGHNGTIEFTSLDAHKGVAPSRRSDVEILGYCMLHWLFGKLPWEAKLDDPVAVQTAKTNLLDELPESVLKWAPSGSSCSELVKYLMYVHNLAYDDKPDYQKLKKILNPDGVPLGPLEFSTKVQSVHVRTPAQQKVDSPKATRKPANEFPAKFPKKVHRETRARQREEQEDSQPTMLQSRPAAPENSRTRKIHEYSDIFSEMQSLQQTPSYMSFQGSYCKPYLDCTRRDPIRKPRSLPRYRHTPTGNLGVTDLESSPRFWPAIFQLTLSEETKADVYYYGITIFCLLIFVFLALYFL,VYYYGITIFCLLIFVFLALYF,TKAD,L,2.2047619047619045,1.6846153846153844,-0.2360809523809524,-0.2084903846153846,
RecName: Full=Vesicle transport through interaction with t-SNAREs homolog 1B; AltName: Full=Vesicle transport v-SNARE protein Vti1-like 1; AltName: Full=Vti1-rp1;,O88384,209,229,20,MAASAASSEHFEKLHEIFRGLLEDLQGVPERLLGTAGTEEKKKLVRDFDENQQEANETLAEMEEELRYAPLTFRNPMMSKLRNYRKDLAKLHREVRSTPLTAAPGGRGDLKYGTYTLENEHLNRLQSQRALLLQGTESLNRATQSIERSHRIATETDQIGTEIIEELGEQRDQLERTKSRLVNTNENLSKSRKILRSMSRKVITNKLLLSVIILLELAILVGLVYYKFFRHH,LSVIILLELAILVGLVYYKFF,NKLL,RHH,2.1476190476190475,1.2285714285714289,-0.2528195238095238,-0.21551071428571428,
RecName: Full=Vesicle-associated membrane protein 3; Short=VAMP-3; AltName: Full=Cellubrevin; Short=CEB; AltName: Full=Synaptobrevin-3;,P63024,82,102,20,MSTGVPSGSSAATGSNRRLQQTQNQVDEVVDIMRVNVDKVLERDQKLSELDDRADALQAGASQFETSAAKLKRKYWWKNCKMWAIGISVLVIIVIIIIVWCVS,MWAIGISVLVIIVIIIIVWCV,KNCK,S,3.0476190476190474,2.0923076923076924,-0.2885709523809525,-0.22702115384615387,
RecName: Full=Vesicle-associated membrane protein 4; Short=VAMP-4;,O70480,119,139,20,MPPKFKRHLNDDDVTGSVKSERRNLLEDDSDEEEDFFLRGPSGPRFGPRNDKIKHVQNQVDEVIDVMQENITKVIERGERLDELQDKSESLSDNATAFSNRSKQLRRQMWWRGCKIKAIMALAAAILLLMIIILIVVKFRT,IMALAAAILLLMIIILIVVKF,KIKA,RT,3.0619047619047626,2.1333333333333333,-0.32471761904761914,-0.2915088888888889,
RecName: Full=Vesicle-associated membrane protein 5; Short=VAMP-5; AltName: Full=Myobrevin;,Q9Z2P8,73,93,20,MAGKELKQCQQQADEVTEIMLNNFDKVLERHGKLAELEQRSDQLLDMSSAFSKTTKTLAQQKRWENIRCRVYLGLAVAVGLLIILIVLLVVFLPSGGDSSKP,LGLAVAVGLLIILIVLLVVFL,CRVY,PSGGD,3.357142857142857,2.1566666666666667,-0.2753928571428572,-0.159313,
RecName: Full=Nesprin-2; AltName: Full=KASH domain-containing protein 2; Short=KASH2; AltName: Full=Nuclear envelope spectrin repeat protein 2; AltName: Full=Nucleus and actin connecting element protein; Short=Protein NUANCE; AltName: Full=Synaptic nuclear envelope protein 2; Short=Syne-2;,Q6ZWQ0,6824,6844,20,MAASPVLPTEDGEGFLGIDDLHFSLQAEQEDTQKKTFTCWINSQLAKHTPPSVVSDLFADIKKGHVLLDLLEVLSGQQLPRDKGSNTFQCRINIEHALTFLKNRSIKLINIHVADIVEGNPSIILGLIWTIILHFHIEKLAQTLSCDYNQPSPEVVSVAASSPTSSPPTKKCSKAQAQARWQWSAKKALLQWAQEQCARSESVNVTDFKSSWRNGMAFLAVIHALRPDLIDMDSMRHRSNKDNLKEAFRIAEHELKIPKLLEPEDVDVVNPDEKSIMTYVAQFLKYSKDAPGPGDSTQAKVRDALVWLTLQEKRFQKMLKDSASETYCNKYHSLLSFMESLNEEKESFIDVLSLKGRMGELNEDESRLRQGWTSLMHQVAAWRAQLDDALPSPLKETEAWLKDIEGVVQEGVPTSQSYSEARTLIQGKLSSFKSLMGSFDYHSDVLMAFQSNAEKSLPAVPPVKLEEMTRRINNVLGKNFIPLLEFHDSKCSVLALLDEAKAKLDVWNGTYESKESVEVLLEDWHKFTGEKKFLIQLDASFQKCEEMYKNSARECESIREEYMMLEKNVHSCRQYIHNTKATLQRALMSWATFEEDLALLKASFDLTKKEQIKEVPVETLLQWNTKHTSLNEVGSFLIGVSSREVAASISKELRRLNKRWRKFITKTPLLKLPLVKIQDQPPGNSSGTSLSKESAMAAEPGGSRGEDVKAAEKQEVEDEESAGQLKVNEEVEGLIKQVTIWESQTKSILDLLQHGDHADGSSADTLQHLIAKGSVYEELLARTEDTLQMDVQSPSNLEPFQNVLRAGLQAKIQEAKQGVQITMVELSAVLKNLSDEPLELDLGLKVEEAQKELEVSILRAEQLLGQRERPGGFLLKYKEALEILNTNSLAKYLRAVEELKRTVPGGAKLQLEEQSRVASAKWEPLRHEISLYLQQLKIAIEEEKLRDNIARLEKQINKEKKLIRRGRTRGLRKEHEACLSPESIKCQLEHHVGVLRVLCEELTSPEDQQELKRALRDYEQKIARLLKCASEIHTTLQSSQGGALEERSALITTENGRRDADGEVPLEIPDNQLSTEKAMEPIKNFSQTSELKPQQEESIMEKEGKDCSASLSDLQERYDTQRGLLEQHLQDSKSRVTSDFASEQERSSACLQSKLAELQVLLADTDAHWEKFEITSLNLRRLMSDAEKPVLNQERDLLKGNEQVLHGLLNTRMESLEMALQIVLPLEKECSLLCASDLPLCTVAVQDLHPVEIDGVYQNLRDIRDSIAKQIRVCTSLEEPSNSVPRELHTLDQCAIQDIVLKCRLQLETMNQKVEMREDALDALEGFLASLRAAKLSAELPADRPAPKAPEVLSEDILLMKEKAGPLDERLRTLGINIKDAEGGENTTCERLVGALSVNLVAMDGQSKEEGPPEDKKLLEACSSKNLELFKNIQDLQNQISKIGLKDPTAPAVKHRKKSLLRLDKDLDGLEEEKVRIQKIAGSLPRFKDGSEKNVIQQCEDTAALWESTKASVTESLEQCGSALELLRQYQNIKNNLTALIQKEEGIISQQASYMGKDNLKKKIAEIETVKEEFSDHLEVVDKINQICKNLQYHLNKMKTFEDPPFEKEANAIVDRWLDINEKTEEYGENLGRALALWDKLFIIKNNIDEWTEQILGKAESHELTEEDRGRLKEELKVLEEQSAEFSRRVADIQSLLQSNEKPLELQVMESSVLSKMKDVKTHVAGGSNSYAPSGSTAELREDLDQAKTQMGMTESLLNALSPSDSLEIFTKLEEIQQQIFQQKHSMTVLENQIGCLTPELSELKRQYASVSNLFNTKKNALQDHFATFLNEQCKNFNDWFSNVKTNLQECFEPPETKLSLEQRLQKLSDFLTLGGGNSKIQQVETVLQHVKMLLPKAHVKELDSWLRSQELELENMESICQARAGELNNSFQQLLRLEDDCRSLSKWLTNQEENWGKMEVSGERMDLFSQALTRKREQFETVAQLSDSLKEHGLTEGEETIKESTHLIDRYQALWRQLHEIEEEDKLPAAEDQSFNDLADDVIHWIKEIKESLMALNSSEGKMPLEERIQKIKEIIALKPEGDAKIQMVMRQAEHCEAPLAQETFTDLSNQWDSTLHLANTYLSHQEKLVLEGEKYLQSKEDLRLMLTELKKQQEAGFALQPGLPEKQAQLKIYKKFLQKAQDLTSLLEELKSQGNYLLECTKNPSFSEEPWLEVKHLHESLLQQLQDSVQKLEGHVQEHSSYQVCLTDLSSTLDDISKEYFSLCDGSKDQIMAKERMQKLQELESRLRFQGGALKKASALAKSIKQNTSSVGQKIIKDDIRSLKYKQKDLENRIESAKQETENGLNSILKSKSSTEKHVKFSLPVEEMPATSEVPKPTRESAAVGESGGARETNTNSAVEMILSKQLSLNVQESMQNAQDEREVNELQNQPLELDIMLRNEQLKGMEELSTHLEARRAAIELLEQSQHLNQTEEQALVLPAARPSVCHLGSLQQELHTLKKTKERQYGLLSGFQDQLVMAEASLNTSLAEVESLKIGSLDSATYLGKIKKFLGSVENQQGSLSKLRTEWAHLSSLLAAADQKLVESQMKHLEHGWELVEQLAHRKCFQQATEHSELTCLLEKLQDLKVSLHQQQQRLTLSLNSPGQQAAIVDMVTPAAELQAIKCEFSGLKWQAELHMKRLWGEKDKKTLEDAINNLNKQMEALEPLNREVENRIKKCELQNRIKETLSWVKNTMAELVVPIALLPDNILSQIRKCKLIHDGILGNQQAVELLVEEVRGITPSLAPCEGDGLNALLEDLQSQHQALLLKSTERSQQLELKLEEKSKLFAIIGKVQLTLEESETLMSPTGDRASTEAELERRLAILKASQQQLQDTESALSAHLQELTNAYKDANVFERLFLDDQLKNLKARTNRTQRFLQNNGSELKQKMESYREFHDKAAVLQKEAECILHGGLLPLRQELEQDAKEQLGNLRDKLAAIRGSLSQVLTSEEVFDTIGLSWDGSLLARLQTQVLEREREVEGKIKQLDTFLIARDRHQASISKIRAVDLQIKKGAESLLKVPSMSPESTLLNAQTLIQKIEKSKRLRDEIIRKLSKNEAFDDSFKESEMQRLKLCAEENSRLQEALQNMLLELQPREMGEKEFREKLENALHVLKQIQSRLQQPLCVNLGVQHIQHEKETWEAFGEQVEAEMCGLRAVRITEEQREENDSGTGGMEAKLRDIEGLHMELSKSISLRADVLNDAYDSANRYDELVAGALRIITSLEATLLSYRVDLHNPQKTLELAHLKQEELQSSVADLRSLTETLGAISSPEAKEQLRCTLEVLAAKNSALKAGLEAQEAEEERCLENYKCFRKMKEEICSRLRKMEMDLGQSIFPLPRSYKEALARLEQSKALTSNLLSTKEDLVKLRQLLRHLRCRSTENDATCALGVASALWEKWLSLLEAAREWQQWGGELKREWKFISEEIEREAIILETLQEDLPEISKTNAAPTEELWQLLDSLCQHQESVEKQQLLLALLLQRVRSIQNIPEGTETGETIPALQEIGSMQERCDRLLHTTRKNKDLVQAEIQAQQSFLKEIKDVKRVFEQISTSFPNLAPEGHPERAEQFEELRSILQKGKLSFENIMEKLRIKYSEMYSIVPAEIGSQVEECRSALEDAEEKMSSEVSKSSPSSIMRRKIERINNGLHCVEKMLQQKSRNIEEAHEIQKKIWDELDLWHSKLNELDSEVQDFVEQDPGQAQEWMDNLMAPFQQHQQVSQRAESRTSQLNKATIKMEEYNDLLKSTEVWIEKTSCLLANPACYDSSRTLSHRASTLQMALEDSEQKHSLLHSIFTDLEDLSIIFETDDLIQTIHELSDQVAALQQQIMEALPHVQQVADDVVAIESEVKAMEKKVAKIKAILLSKEIFDFPPEEHLKHGEVILENIHPMKKTIAEIMTYQVELRLPQTGTKPLPVFQRTSQLLQDVKLLENVTQEQNELLKVVIKQTAECDEEIDSLKQMLTNYSAEISPEHVSQNQVADLPSLQGEMERLEKQILNLNQKKEDLLVDLKTAVLNLHEHLKQEQQEVGDKPSAGASECTVAERDASERKLSRTNSMSFLPVVKEEAEESSVKSEDGRRRTEPPSASWSFLGKHSKDLEGDGASSSSSATIVQDADGRISTCDSSMVHIIAPDSGSTEEGPAPSPRLSQTDEGATPPIEAALLDFPREQGAFESTVERSRPRPADILRVCKTQVAKLELWLQQANVAFEPETVDADMQQVVEEELAGCQAMLTEIEYKVASLLETCKDQGLGDCGTTQQEAEALSWKLKTVKCNLEKVQMVLQEKFSEDQHPSTLKKPSEPHDVDQPAGLSELDSVLTERPQFSRQKDAPQPQILELKPSEQKDLIKFTELNAKKTWLQGHQENEDANRQSASSSKVPSPGNAASDSTLPLQAQSGDKWQYLHHELTSRPNPSVPQLVEPQVALTTSTLPSVSVYNFRCPTADELQAYTTQLEELRQEANTIQTQGSMTEETYISLDKRLFELFLSLSRCLGSVEGLLQRPGLLREDACAQQVFFQKLALELKKLYLALGDKKDDFLKAVTWPGKEATLLPECIDALTVSLESVQSRAAWRDASLKAGLEHSRSYQNEVKRLYSQLIKKKTALQQSLNEISGQSISKQLQKADVHTAELQNSEKQVAKLRDEGERLRFPHGLLQDVYKLEDVLDSMWGILRARYLELSSPFLSKSLQTLLQGMAELVSIGKGKLAADPLQHAKSKAALQAQLQDHKAFFQKLVADMLLIQTYSATMFPPSLQKGEGFGAEQVAEVRALEEEACLRGAQLQSMLQKWEEFDDNYASLEKDLEALISSLPSVSLVEETEERLLERISFYQQIKRNIDGKHARLCQTLNEGRQLAASVSCPEPEGQIARLEEQWLSLNKRIDQELHRLQTLLKHLLSYSRDSDELTRWLETSQQTLNYWKEQSLNVSQDLNTIRSNIDRFFKFSKEVDERSSLKSAVMSTGNQLLHLKEADTATLRASLAQFEQKWTVLITQLPDIQEKLHQLQMEKLPSREAISEMISWMNAVEPQAAGKDTELSKSSASQVKHLLQKLKEFRMEMDYKQWVVDFVNQSLLQLSTCDVESKRYERTEFAEHLGEMNRQWQRVHGTLNRKIQHLEQLLESITENENKVQNLNSWLEAQEERLKMLQKPESAVSMEKLLLDCQDIENQLALKSKALDELRQSSLTMDGGDVPLLEDMASGIVELFQKKNNVTSQVHQLRASVQSVLQEWKACDKLYDEATMRTTQLTYSMEHSKPAVLSLQALACQVQNLEALQDEAENGERSWEKLQEVIGRLKASCPSMAGIIEEKCQDAHSRWTQVNQDLADQLQEARGQLQLWKAPHNAHAEAAAWLQQQEAKFQQLANTNLSGDNLADILPRALKDIKGLQSDLQKTKEAFLENSTLSDQLPQPEERSTPGLHSGQRHSLQTAAYLEKMLLAKSNEFEIVLAQFKDFTDRLAYSKDLIVHKEENLNKLYHEEKEEVPDLFLNHVLALTAQSPDIERLNEESLRLPLSDVTIKTLQSLNRQWIRATATALDHYSELQGNGLNEKFLHYCERWIQVLEKIQESLSVEVAHSLPALLEQQKTYEILEAEVSTNQAVADAYVTQSLQLLDTAEIEKRPEFVSEFSKLSDQWQRAARGVRQRKCDISRLVTQWRFFTTSVEDLLRFLADTSQLLSAVKEQDCYSLCQTRRLVHELKSKEIHLQRWRTTYALALEAGEKLRNTPSPETREFVDGQISRLQESWKDTELSLGEVISRLQSTAETWDQCKKKIKKLKKRLQALKAQSEDPLPELHEALHEEKELIKEVEKSLANWTHSLKELQTMKADLSQHILAEDVTVLKEQIQLLHRQWEDLCLRVAIRKQEIEDRLNSWIVFNEKNKELCAWLVQMENKVLQTADVSIEEMIEKLQKDCMEEISLFTENKLQLKQMGDQLIKASSKAKAAELEEKLSKINDRWQHLFDVIGSRVKKLKETFAFIQQLDKNMSNLRTWLARIESELSKPVVYDVCDNQEIQKRLAEQQDLQRDIEQHSAGVESVFNICDVLLHDSDACANETECDSIQQTTRSLDRRWRNICAMSMERRMKIEETWRLWQKFLDDYSRFEDWLKSAERTAACPNSSEVLYTNAKEELKRFEAFQRQIHERLTQLELINKQYRRLARENRTDTASKLKQMVHEGNQRWDNLQKRVTAILRRLRYFTNQREEFEGTRESILVWLTEMDLQLTNVEHFSESDAEDKMRQLNGFQQEITLNTNKIDQLIVFGEQLIQKSEPLDAVLIEDELEELHRYCQEVFGRVSRFHRRLTSHTPGLDDEKEASENETDIEDPREIQADSWRKRRESEEPTSPQSLCHLVPPALGHERSGCETPVSVDSIPLEWDHTGDVGGSSSHEDDEEGPFYSALSGKSISEGHPWHVPDSPSHSKHHYKHMEGDRTEAPVPTDASTPFKSDYVKLLLRQGTDDSKEGLKEAQQEDEQLATLTGQQPGAFDRWELIQAQELHSKLRLKQTVQQLKSDIGSIAAWLGKTEAELEALKLAEPPSDIQEIALRVKRLQEILKAFDTYKALMVSVNVSHKEYLPSQSPEATELQNRLHQLSLSWDSVQGVLDSWRGDLRQSLMQCQDFHQLSQDLLLWLATAESRRQKAHVTSPEADRQVLLECQKDLMRLEKELVARQPQVSSLREISSSLLVKGQGEDYIEAEEKVHVIEKKLKQLQEQVAQDLMSLQRSLDPDASLTSFDEVDSGEQLPAAFAKSPRPRWTFLEEEEEEEETDSRMPHLDSPGSSQPRRSFLSRVIRAALPLQLLLLLLLLLACLLPASEDDYSCTQANNFARSFYPMLRYTNGPPPT,AALPLQLLLLLLLLLACLLPA,RVIR,SEDDY,2.4952380952380944,1.3166666666666664,-0.21606857142857144,-0.18377000000000004,
RecName: Full=Ubiquitin-conjugating enzyme E2 J2; EC=2.3.2.23; AltName: Full=Non-canonical ubiquitin-conjugating enzyme 2; Short=NCUBE-2;,Q6P073,227,247,20,MSNNSNKRAPTTATQRLKQDYLRIKKDPVPYICAEPLPSNILEWHYVVRGPEMTPYEGGYYHGKLIFPREFPFKPPSIYMITPNGRFKCNTRLCLSITDFHPDTWNPAWSVSTILTGLLSFMVEKGPTLGSIETSDFTKKQLAAQSLVFNLKDKVFCELFPEVVEEIKQKQKAQDELSNRPQNLPLPDVVPDGELHRGQHGIQLLNGHAPAAGPNLAGLPQANRHHGLLGGALANLFVIVGFAAFAYTVKYVLRSIAQE,GLLGGALANLFVIVGFAAFAY,NRHH,TVKYV,1.8619047619047617,0.9066666666666667,-0.13216333333333333,-0.12652166666666667,
RecName: Full=Vesicle-associated membrane protein-associated protein B; Short=VAMP-B; Short=VAMP-associated protein B; Short=VAP-B; AltName: Full=VAMP-associated protein 33b;,Q9QY76,219,239,20,MAKVEQVLSLEPQHELKFRGPFTDVVTTNLKLGNPTDRNVCFKVKTTVPRRYCVRPNSGVIDAGASLNVSVMLQPFDYDPNEKSKHKFMVQSMFAPPDTSDMEAVWKEAKPEDLMDSKLRCVFELPAENAKPHDVEINKIIPTSASKTEAPAAAKSLTSPLDDTEVKKVMEECRRLQGEVQRLREESRQLKEEDGLRVRKAMPSNSPVAALAATGKEEGLSARLLALVVLFFIVGVIIGKIAL,GLSARLLALVVLFFIVGVIIG,GKEE,KIAL,2.4761904761904763,1.617241379310345,-0.20044428571428574,-0.18646103448275864,
RecName: Full=Vesicle transport protein USE1; AltName: Full=Protein D12; AltName: Full=USE1-like protein;,Q9CQ56,243,263,20,MAQAEGAYHRPLATSRLELNLVRLLCRCESMAAEKREPDEWRLEKYVGALEDMLQALKVQASKPASEVISEYSRKVDFLKGMLQAEKLTSSSEKALANQFLAPGRVPTTAKERVPATKTVHLQSRARYTSEMRSELLGMEPSGECEVDMRKRAAKGSRPADERQSASELDLVLQRHQGLQEKLAEEMLGLARSLKTNTLAAQSVIKKDNQTLSHSLKMADQNLEKLKLESERLEQHAQKSVNWLLWAMLIVVCFVFISMILFIRIMPRLK,WLLWAMLIVVCFVFISMILFI,KSVN,RIMPR,2.8428571428571425,1.716666666666667,-0.28325238095238103,-0.21702666666666667,
RecName: Full=Vesicle-associated membrane protein 8 {ECO:0000303|PubMed:15363411}; Short=VAMP-8 {ECO:0000303|PubMed:15363411}; AltName: Full=Endobrevin {ECO:0000303|PubMed:15363411}; Short=Edb {ECO:0000250|UniProtKB:Q9BV40};,O70404,76,96,20,MEEASGSAGNDRVRNLQSEVEGVKNIMTQNVERILSRGENLDHLRNKTEDLEATSEHFKTTSQKVARKFWWKNVKMIVIICVIVLIIVILIILFATGTIPT,MIVIICVIVLIIVILIILFAT,KNVK,GTIPT,3.6666666666666665,2.3666666666666663,-0.3370452380952381,-0.22844499999999998,
RecName: Full=Regulator of G-protein signaling 9-binding protein; AltName: Full=RGS9-anchoring protein;,Q148R9,213,233,20,MAREECKALLDALNKTTACYHHLVLTVGGSADTQDLREELQKTRQKARELAVATGARLTVALRDRSLATEERAEFERLWVAFSGCLDLLEADMQRALALGATFPLHAPRRPLVRTGVTGGSSAVAARALSARSLRHEAESDFDVADLPQLEREVLQVGEMIDDMEMKVNVPRWTVQARQAAGAELLSGASAGASSAGGISVEERAGPCDPSKALAATVFSAVLLVAVALALCVAKLS,ALAATVFSAVLLVAVALALCV,DPSK,AKLS,2.6857142857142855,1.6379310344827591,-0.2638233333333334,-0.18186999999999998,
